line_id,phone_number,assigned_employee,employee_id,department,cost_center,carrier,plan_name,plan_monthly_cost,data_allowance_gb,data_used_gb,data_used_gb_prev1,data_used_gb_prev2,voice_minutes_used,sms_count,feature_charges,overage_charges,international_roaming_charges,total_monthly_charge,line_status,device_model,activation_date,contract_end_date,billing_period
L-00001,555-010-0006,Mei Walsh,E-0226,Executive,CC-1000,AT&T,Pooled 5GB,32.00,5,1.93,1.53,2.00,337,169,14.37,0.00,0.00,46.37,Active,iPhone 14,2023-03-25,2025-03-24,2026-08
L-00002,555-010-0013,Taylor Patel,E-0210,Executive,CC-1000,T-Mobile,Pooled 15GB,48.00,15,23.24,21.15,12.20,107,172,17.62,0.00,0.00,65.62,Active,iPhone 15,2024-06-21,2026-06-21,2026-08
L-00003,555-010-0017,Priya Reyes,E-0201,Executive,CC-1000,AT&T,Pooled 15GB,48.00,15,21.37,14.12,29.84,505,89,13.70,0.00,0.00,61.70,Active,iPhone 15 Pro,2026-01-26,2028-01-26,2026-08
L-00004,555-010-0054,Skyler Nakamura,E-0253,Executive,CC-1000,T-Mobile,Pooled 5GB,32.00,5,2.10,1.21,4.88,137,61,5.39,0.00,0.00,37.39,Active,iPhone 13,2025-03-20,2027-03-20,2026-08
L-00005,555-010-0056,Sam Nielsen,E-0431,Executive,CC-1000,AT&T,Pooled 5GB,32.00,5,1.72,2.91,1.38,408,113,11.15,0.00,0.00,43.15,Active,Google Pixel 8,2025-05-23,2027-05-23,2026-08
L-00006,555-010-0063,Casey Hughes,E-0528,Executive,CC-1000,Verizon,Pooled 15GB,48.00,15,1.67,4.10,3.30,176,45,7.30,0.00,0.00,55.30,Active,Samsung Galaxy S24,2023-08-04,2025-08-03,2026-08
L-00007,555-010-0071,Hana Iversen,E-0234,Executive,CC-1000,T-Mobile,Voice + Text Only,18.00,0,0.00,0.00,0.00,125,20,9.69,0.00,0.00,27.69,Active,iPhone 14,2026-04-23,2028-04-22,2026-08
L-00008,555-010-0076,Ravi Patel,E-0481,Executive,CC-1000,Verizon,Business Unlimited Pro,85.00,999,3.73,4.05,1.53,97,38,0.26,0.00,0.00,85.26,Active,iPhone 14,2025-11-06,2027-11-06,2026-08
L-00009,555-010-0078,Ines Nasser,E-0283,Executive,CC-1000,Verizon,Pooled 5GB,32.00,5,1.90,2.23,4.83,109,54,19.47,0.00,0.00,51.47,Active,Google Pixel 8,2025-03-03,2027-03-03,2026-08
L-00010,555-010-0082,Alex Larsen,E-0123,Executive,CC-1000,Verizon,Business Unlimited Plus,65.00,999,5.88,16.10,10.81,382,131,5.48,0.00,0.00,70.48,Active,iPhone SE (3rd gen),2023-08-28,2025-08-27,2026-08
L-00011,555-010-0091,Devon Cho,E-0084,Executive,CC-1000,Verizon,Business Unlimited Plus,65.00,999,11.54,11.08,19.08,661,314,9.38,0.00,0.00,74.38,Active,Samsung Galaxy S24,2024-09-05,2026-09-05,2026-08
L-00012,555-010-0099,Jonas Nielsen,E-0300,Executive,CC-1000,Verizon,Business Unlimited Plus,65.00,999,25.74,10.92,25.29,437,213,17.00,0.00,0.00,82.00,Active,iPhone 14,2024-08-06,2026-08-06,2026-08
L-00013,555-010-0103,Morgan Nguyen,E-0517,Executive,CC-1000,T-Mobile,Business Unlimited Plus,65.00,999,3.10,0.55,2.05,78,40,10.47,0.00,0.00,75.47,Active,Google Pixel 7,2025-02-04,2027-02-04,2026-08
L-00014,555-010-0118,Hayden Carmichael,E-0364,Executive,CC-1000,T-Mobile,Pooled 5GB,32.00,5,3.07,4.30,4.52,313,143,13.75,0.00,0.00,45.75,Active,iPhone 14 Pro,2025-12-19,2027-12-19,2026-08
L-00015,555-010-0120,Ravi Petrov,E-0487,Executive,CC-1000,AT&T,Business Unlimited Pro,85.00,999,3.66,4.77,3.24,111,74,13.18,0.00,0.00,98.18,Active,iPhone SE (3rd gen),2025-09-18,2027-09-18,2026-08
L-00016,555-010-0124,Hiro Cho,E-0516,Executive,CC-1000,Verizon,Business Unlimited Plus,65.00,999,0.77,1.38,4.27,25,27,8.25,0.00,0.00,73.25,Active,iPhone 13,2023-10-25,2025-10-24,2026-08
L-00017,555-010-0127,Mei Silva,E-0389,Executive,CC-1000,T-Mobile,Pooled 15GB,48.00,15,14.64,14.72,16.21,697,132,5.49,0.00,0.00,53.49,Active,iPhone 14,2023-03-29,2025-03-28,2026-08
L-00018,555-010-0129,Cameron Diaz,E-0327,Executive,CC-1000,Verizon,Business Unlimited Plus,65.00,999,10.12,5.47,7.97,377,360,20.75,0.00,0.00,85.75,Active,iPhone SE (3rd gen),2023-12-04,2025-12-03,2026-08
L-00019,555-010-0160,Cameron Diaz,E-0327,Executive,CC-1000,T-Mobile,Pooled 15GB,48.00,15,1.84,0.34,1.80,13,5,3.80,0.00,0.00,51.80,Active,iPhone 13,2025-10-04,2027-10-04,2026-08
L-00020,555-010-0163,Yara Nakamura,E-0279,Executive,CC-1000,T-Mobile,IoT / Telematics 500MB,9.50,0.5,0.32,0.07,0.11,0,0,12.12,0.00,0.00,21.62,Active,CalAmp LMU-3030,2024-12-27,2026-12-27,2026-08
L-00021,555-010-0176,Finley Hughes,E-0113,Executive,CC-1000,Verizon,Business Unlimited Plus,65.00,999,16.50,7.00,25.52,574,303,5.60,0.00,0.00,70.60,Active,iPhone SE (3rd gen),2025-07-15,2027-07-15,2026-08
L-00022,555-010-0179,Ibrahim Larsen,E-0478,Executive,CC-1000,Verizon,Business Unlimited Pro,85.00,999,3.69,2.59,3.94,80,46,12.73,0.00,0.00,97.73,Active,iPhone 14 Pro,2025-12-21,2027-12-21,2026-08
L-00023,555-010-0205,Sam Ibrahim,E-0184,Executive,CC-1000,AT&T,Business Unlimited Plus,65.00,999,19.52,15.14,13.50,708,180,19.50,0.00,0.00,84.50,Active,Google Pixel 7,2024-09-21,2026-09-21,2026-08
L-00024,555-010-0215,Amari Murray,E-0522,Executive,CC-1000,T-Mobile,Pooled 15GB,48.00,15,1.75,1.19,1.02,175,38,4.61,0.00,0.00,52.61,Active,iPhone 13,2025-12-13,2027-12-13,2026-08
L-00025,555-010-0219,Nico Ibrahim,E-0399,Executive,CC-1000,AT&T,Business Unlimited Pro,85.00,999,25.14,7.20,16.51,415,27,4.32,0.00,0.00,89.32,Active,iPhone 14 Pro,2023-11-21,2025-11-20,2026-08
L-00026,555-010-0220,Phoenix Hale,E-0293,Executive,CC-1000,Verizon,Voice + Text Only,18.00,0,0.00,0.00,0.00,46,193,18.96,0.00,0.00,36.96,Active,iPhone 14,2024-11-11,2026-11-11,2026-08
L-00027,555-010-0237,Theo Novak,E-0493,Executive,CC-1000,Verizon,Business Unlimited Pro,85.00,999,1.83,0.53,4.50,101,8,2.45,0.00,0.00,87.45,Active,iPhone 14 Pro,2025-05-21,2027-05-21,2026-08
L-00028,555-010-0251,Theo Castillo,E-0066,Executive,CC-1000,AT&T,Business Unlimited Plus,65.00,999,6.47,24.02,15.08,164,207,10.87,0.00,0.00,75.87,Active,iPhone 15,2025-05-10,2027-05-10,2026-08
L-00029,555-010-0253,Hana Kowalski,E-0391,Executive,CC-1000,T-Mobile,Business Unlimited Plus,65.00,999,0.25,1.59,0.82,4,9,2.25,0.00,0.00,67.25,Active,Google Pixel 7,2024-05-01,2026-05-01,2026-08
L-00030,555-010-0272,Marley Fernandez,E-0087,Executive,CC-1000,AT&T,Voice + Text Only,18.00,0,0.00,0.00,0.00,575,37,7.77,0.00,0.00,25.77,Active,Samsung Galaxy S24,2024-07-06,2026-07-06,2026-08
L-00031,555-010-0275,Mei Brooks,E-0514,Executive,CC-1000,AT&T,Business Unlimited Plus,65.00,999,0.87,0.63,1.31,49,39,5.81,0.00,0.00,70.81,Active,iPhone 15,2023-09-08,2025-09-07,2026-08
L-00032,555-010-0276,Charlie Silva,E-0432,Executive,CC-1000,Verizon,Pooled 5GB,32.00,5,3.77,3.22,1.13,329,30,21.50,0.00,0.00,53.50,Active,iPhone 15 Pro,2024-05-20,2026-05-20,2026-08
L-00033,555-010-0300,Kenji Hoffman,E-0439,Executive,CC-1000,Verizon,Business Unlimited Plus,65.00,999,16.45,17.65,15.70,813,111,7.31,0.00,0.00,72.31,Active,iPhone 15,2024-08-31,2026-08-31,2026-08
L-00034,555-010-0302,Morgan Bennett,E-0397,Executive,CC-1000,Verizon,Pooled 5GB,32.00,5,3.25,4.31,4.75,160,118,20.66,0.00,0.00,52.66,Active,iPhone 15 Pro,2025-02-25,2027-02-25,2026-08
L-00035,555-010-0305,Skyler Yamamoto,E-0224,Executive,CC-1000,AT&T,Pooled 15GB,48.00,15,21.11,20.76,7.22,660,39,19.20,0.00,0.00,67.20,Active,Google Pixel 8,2025-08-31,2027-08-31,2026-08
L-00036,555-010-0315,Rowan Fitzgerald,E-0239,Executive,CC-1000,T-Mobile,Pooled 5GB,32.00,5,3.40,1.47,3.98,439,76,7.85,0.00,0.00,39.85,Active,iPhone 14 Pro,2024-06-02,2026-06-02,2026-08
L-00037,555-010-0322,Theo Schultz,E-0122,Executive,CC-1000,T-Mobile,Pooled 5GB,32.00,5,2.98,1.71,3.37,211,177,12.92,0.00,0.00,44.92,Active,Samsung Galaxy S23,2025-04-03,2027-04-03,2026-08
L-00038,555-010-0326,Kenji Sanders,E-0287,Executive,CC-1000,Verizon,Business Unlimited Pro,85.00,999,11.76,20.98,28.59,477,127,12.57,0.00,0.00,97.57,Active,Google Pixel 7,2026-04-17,2028-04-16,2026-08
L-00039,555-010-0327,Ravi Novak,E-0115,Executive,CC-1000,T-Mobile,Pooled 2GB,24.00,2,0.70,0.77,0.52,50,13,6.55,0.00,0.00,30.55,Active,Samsung Galaxy S24,2025-06-13,2027-06-13,2026-08
L-00040,555-010-0331,Greta Kowalski,E-0270,Executive,CC-1000,Verizon,Pooled 5GB,32.00,5,4.22,3.14,2.98,332,11,4.26,0.00,0.00,36.26,Active,iPhone 14 Pro,2024-07-19,2026-07-19,2026-08
L-00041,555-010-0336,Morgan Schultz,E-0269,Executive,CC-1000,AT&T,IoT / Telematics 500MB,9.50,0.5,0.34,0.05,0.23,0,0,6.58,0.00,0.00,16.08,Active,Geotab GO9,2025-01-31,2027-01-31,2026-08
L-00042,555-010-0341,Sana Hughes,E-0501,Executive,CC-1000,AT&T,Business Unlimited Plus,65.00,999,1.00,0.99,1.07,37,55,10.85,0.00,0.00,75.85,Active,iPhone 15,2024-06-27,2026-06-27,2026-08
L-00043,555-010-0342,Cameron Iversen,E-0400,Executive,CC-1000,AT&T,Pooled 15GB,48.00,15,17.11,13.79,20.89,701,346,15.68,0.00,0.00,63.68,Active,iPhone 15 Pro,2023-06-26,2025-06-25,2026-08
L-00044,555-010-0354,Theo Murray,E-0068,Executive,CC-1000,Verizon,Pooled 5GB,32.00,5,4.51,4.37,4.83,238,155,10.84,0.00,0.00,42.84,Active,iPhone 15 Pro,2025-01-05,2027-01-05,2026-08
L-00045,555-010-0370,Alex Diaz,E-0393,Executive,CC-1000,Verizon,Pooled 5GB,32.00,5,4.74,1.50,3.25,56,184,14.43,0.00,0.00,46.43,Active,iPhone 14 Pro,2024-07-30,2026-07-30,2026-08
L-00046,555-010-0375,Charlie Patel,E-0245,Executive,CC-1000,T-Mobile,Pooled 2GB,24.00,2,0.89,0.81,1.04,281,24,15.60,0.00,0.00,39.60,Active,iPhone 15 Pro,2024-01-26,2026-01-25,2026-08
L-00047,555-010-0376,Lila Cho,E-0316,Executive,CC-1000,Verizon,Business Unlimited Pro,85.00,999,14.55,24.10,10.85,631,82,9.41,0.00,0.00,94.41,Active,Google Pixel 7,2023-08-07,2025-08-06,2026-08
L-00048,555-010-0389,Riley Dubois,E-0319,Executive,CC-1000,Verizon,Pooled 2GB,24.00,2,0.40,1.72,1.13,30,34,6.95,0.00,0.00,30.95,Active,Samsung Galaxy S23,2025-12-31,2027-12-31,2026-08
L-00049,555-010-0396,Drew Okonkwo,E-0223,Executive,CC-1000,AT&T,Pooled 15GB,48.00,15,19.05,18.60,11.06,405,398,20.83,0.00,0.00,68.83,Active,iPhone SE (3rd gen),2024-10-16,2026-10-16,2026-08
L-00050,555-010-0399,Eden Rossi,E-0407,Executive,CC-1000,AT&T,Pooled 2GB,24.00,2,0.36,0.37,1.18,316,80,9.09,0.00,0.00,33.09,Active,Google Pixel 8,2026-03-02,2028-03-01,2026-08
L-00051,555-010-0406,Amina Reyes,E-0477,Executive,CC-1000,AT&T,Business Unlimited Pro,85.00,999,2.65,1.26,0.63,111,22,2.81,0.00,0.00,87.81,Active,Samsung Galaxy S24,2025-01-24,2027-01-24,2026-08
L-00052,555-010-0409,Reese Cho,E-0372,Executive,CC-1000,Verizon,Business Unlimited Plus,65.00,999,6.16,11.78,28.89,872,328,15.42,0.00,0.00,80.42,Active,Google Pixel 7,2024-10-15,2026-10-15,2026-08
L-00053,555-010-0413,Clara Iversen,E-0326,Executive,CC-1000,AT&T,Pooled 5GB,32.00,5,1.93,2.30,1.66,273,105,10.61,0.00,0.00,42.61,Active,Google Pixel 8,2024-01-01,2025-12-31,2026-08
L-00054,555-010-0415,Victor Almeida,E-0433,Executive,CC-1000,AT&T,Pooled 15GB,48.00,15,19.03,25.31,24.20,769,369,15.76,0.00,0.00,63.76,Active,Google Pixel 8,2026-03-18,2028-03-17,2026-08
L-00055,555-010-0417,Victor Rahman,E-0196,Executive,CC-1000,Verizon,Pooled 2GB,24.00,2,0.31,0.51,0.57,354,29,14.40,0.00,0.00,38.40,Active,iPhone 15,2023-07-19,2025-07-18,2026-08
L-00056,555-010-0422,Sana Petrov,E-0191,Executive,CC-1000,Verizon,Business Unlimited Pro,85.00,999,12.46,17.80,7.90,419,366,12.28,0.00,0.00,97.28,Active,iPhone 14,2023-12-15,2025-12-14,2026-08
L-00057,555-010-0435,Victor Moreau,E-0202,Executive,CC-1000,AT&T,Business Unlimited Plus,65.00,999,12.53,13.50,7.99,126,311,12.64,0.00,0.00,77.64,Active,iPhone 14 Pro,2024-09-12,2026-09-12,2026-08
L-00058,555-010-0460,Casey Johansson,E-0510,Executive,CC-1000,Verizon,Business Unlimited Plus,65.00,999,2.50,2.98,4.29,154,11,2.05,0.00,0.00,67.05,Active,Samsung Galaxy S24,2024-01-11,2026-01-10,2026-08
L-00059,555-010-0475,Kerry Iversen,E-0416,Executive,CC-1000,T-Mobile,Pooled 5GB,32.00,5,3.78,4.68,4.84,418,76,11.98,0.00,0.00,43.98,Active,iPhone 13,2024-09-08,2026-09-08,2026-08
L-00060,555-010-0486,Finley Hoffman,E-0261,Executive,CC-1000,T-Mobile,Business Unlimited Plus,65.00,999,23.90,8.84,25.72,294,328,6.62,0.00,0.00,71.62,Active,iPhone 15 Pro,2025-06-03,2027-06-03,2026-08
L-00061,555-010-0497,Andre Nielsen,E-0133,Executive,CC-1000,T-Mobile,Business Unlimited Plus,65.00,999,25.35,10.04,21.93,149,60,9.22,0.00,0.00,74.22,Active,iPhone 13,2024-06-03,2026-06-03,2026-08
L-00062,555-010-0507,Diego Moreau,E-0222,Executive,CC-1000,T-Mobile,Voice + Text Only,18.00,0,0.00,0.00,0.00,64,108,9.95,0.00,0.00,27.95,Active,iPhone 14,2024-09-06,2026-09-06,2026-08
L-00063,555-010-0511,Ibrahim Brooks,E-0380,Executive,CC-1000,AT&T,Business Unlimited Plus,65.00,999,16.52,11.40,28.53,315,123,15.53,0.00,0.00,80.53,Active,iPhone 15 Pro,2025-04-01,2027-04-01,2026-08
L-00064,555-010-0521,Casey Okonkwo,E-0144,Executive,CC-1000,Verizon,Pooled 5GB,32.00,5,3.90,4.09,3.20,270,21,11.14,0.00,0.00,43.14,Active,Samsung Galaxy S23,2024-04-24,2026-04-24,2026-08
L-00065,555-010-0530,Alex Rossi,E-0272,Executive,CC-1000,Verizon,Pooled 2GB,24.00,2,1.02,0.21,0.45,380,63,6.29,0.00,0.00,30.29,Active,iPhone 15 Pro,2025-02-01,2027-02-01,2026-08
L-00066,555-010-0538,Chris Vargas,E-0152,Executive,CC-1000,AT&T,Business Unlimited Plus,65.00,999,15.66,10.52,13.19,699,236,21.31,0.00,0.00,86.31,Active,Samsung Galaxy S24,2024-08-01,2026-08-01,2026-08
L-00067,555-010-0544,Jamie Rossi,E-0138,Executive,CC-1000,AT&T,Pooled 2GB,24.00,2,1.15,0.39,1.20,221,60,17.76,0.00,0.00,41.76,Active,Samsung Galaxy S24,2026-04-04,2028-04-03,2026-08
L-00068,555-010-0545,Avery Nakamura,E-0167,Executive,CC-1000,AT&T,Pooled 2GB,24.00,2,0.34,1.57,0.62,98,93,11.56,0.00,0.00,35.56,Active,Samsung Galaxy S23,2026-01-15,2028-01-15,2026-08
L-00069,555-010-0568,Emerson Rossi,E-0181,Executive,CC-1000,T-Mobile,Pooled 5GB,32.00,5,3.85,4.44,4.29,476,11,13.55,0.00,0.00,45.55,Active,iPhone 15,2024-01-08,2026-01-07,2026-08
L-00070,555-010-0578,Leila Hughes,E-0371,Executive,CC-1000,T-Mobile,Pooled 15GB,48.00,15,13.12,8.98,9.93,702,246,16.85,0.00,0.00,64.85,Active,Google Pixel 7,2023-07-23,2025-07-22,2026-08
L-00071,555-010-0586,Luis Novak,E-0278,Executive,CC-1000,T-Mobile,Pooled 2GB,24.00,2,0.52,1.13,0.42,58,81,21.61,0.00,0.00,45.61,Active,Samsung Galaxy S24,2025-07-11,2027-07-11,2026-08
L-00072,555-010-0589,Hana Kowalski,E-0391,Executive,CC-1000,AT&T,Business Unlimited Plus,65.00,999,6.19,6.97,27.97,781,286,10.96,0.00,0.00,75.96,Active,iPhone 15 Pro,2024-09-17,2026-09-17,2026-08
L-00073,555-010-0005,Hayden Dubois,E-0246,Finance,CC-1100,T-Mobile,Business Unlimited Pro,85.00,999,7.45,18.37,10.87,812,142,13.09,0.00,0.00,98.09,Active,Samsung Galaxy S24,2023-09-07,2025-09-06,2026-08
L-00074,555-010-0016,Elliot Andersen,E-0437,Finance,CC-1100,Verizon,Pooled 2GB,24.00,2,0.34,1.84,1.63,220,74,4.57,0.00,0.00,28.57,Active,Google Pixel 8,2024-04-21,2026-04-21,2026-08
L-00075,555-010-0050,Alex Okafor,E-0134,Finance,CC-1100,Verizon,Pooled 15GB,48.00,15,16.45,6.49,20.48,637,399,5.24,0.00,0.00,53.24,Active,Samsung Galaxy S24,2025-03-06,2027-03-06,2026-08
L-00076,555-010-0060,Andre Fitzgerald,E-0298,Finance,CC-1100,AT&T,Business Unlimited Plus,65.00,999,23.52,19.98,7.62,172,74,14.04,0.00,0.00,79.04,Active,iPhone 14,2025-02-24,2027-02-24,2026-08
L-00077,555-010-0094,Ines Silva,E-0112,Finance,CC-1100,Verizon,Pooled 15GB,48.00,15,1.27,0.73,1.66,23,3,1.04,0.00,0.00,49.04,Active,Google Pixel 7,2023-10-25,2025-10-24,2026-08
L-00078,555-010-0110,Sam Patel,E-0350,Finance,CC-1100,AT&T,Pooled 5GB,32.00,5,1.46,1.57,0.61,17,7,3.34,0.00,0.00,35.34,Active,iPhone 13,2025-08-18,2027-08-18,2026-08
L-00079,555-010-0122,Shiloh Hale,E-0382,Finance,CC-1100,T-Mobile,Pooled 5GB,32.00,5,4.26,2.57,4.28,196,186,4.79,0.00,0.00,36.79,Active,iPhone 15 Pro,2026-01-21,2028-01-21,2026-08
L-00080,555-010-0123,Ibrahim Whitaker,E-0111,Finance,CC-1100,Verizon,Voice + Text Only,18.00,0,0.00,0.00,0.00,450,53,13.05,0.00,0.00,31.05,Active,iPhone 13,2023-05-03,2025-05-02,2026-08
L-00081,555-010-0128,Leila Costa,E-0099,Finance,CC-1100,AT&T,Business Unlimited Plus,65.00,999,12.39,14.39,21.64,381,135,5.58,0.00,0.00,70.58,Active,iPhone SE (3rd gen),2023-02-22,2025-02-21,2026-08
L-00082,555-010-0157,Taylor Reyes,E-0091,Finance,CC-1100,Verizon,Business Unlimited Pro,85.00,999,24.23,16.10,14.25,248,256,19.23,0.00,0.00,104.23,Active,iPhone SE (3rd gen),2025-02-22,2027-02-22,2026-08
L-00083,555-010-0159,Sam Singh,E-0355,Finance,CC-1100,Verizon,Pooled 15GB,48.00,15,17.04,22.03,27.08,417,54,18.71,0.00,0.00,66.71,Active,iPhone 15 Pro,2024-04-17,2026-04-17,2026-08
L-00084,555-010-0174,Eden Okafor,E-0378,Finance,CC-1100,Verizon,Voice + Text Only,18.00,0,0.00,0.00,0.00,680,243,13.46,0.00,0.00,31.46,Active,Google Pixel 7,2025-05-27,2027-05-27,2026-08
L-00085,555-010-0186,Devon Okonkwo,E-0398,Finance,CC-1100,Verizon,Business Unlimited Plus,65.00,999,20.36,21.82,12.16,612,173,11.55,0.00,0.00,76.55,Active,Google Pixel 8,2023-12-29,2025-12-28,2026-08
L-00086,555-010-0187,Shiloh Kowalski,E-0165,Finance,CC-1100,Verizon,Voice + Text Only,18.00,0,0.00,0.00,0.00,235,106,17.81,0.00,0.00,35.81,Active,iPhone 14 Pro,2023-08-11,2025-08-10,2026-08
L-00087,555-010-0209,Jordan Ibrahim,E-0104,Finance,CC-1100,Verizon,Voice + Text Only,18.00,0,0.37,0.09,0.02,7,7,2.98,0.00,0.00,20.98,Active,iPhone 14 Pro,2025-01-17,2027-01-17,2026-08
L-00088,555-010-0217,Kenji Fernandez,E-0338,Finance,CC-1100,Verizon,Pooled 15GB,48.00,15,8.93,18.48,5.83,236,329,6.99,0.00,0.00,54.99,Active,Samsung Galaxy S24,2024-02-20,2026-02-19,2026-08
L-00089,555-010-0222,Elliot Sato,E-0179,Finance,CC-1100,AT&T,Pooled 2GB,24.00,2,1.20,1.59,1.67,30,132,11.49,0.00,0.00,35.49,Active,iPhone 15 Pro,2025-10-25,2027-10-25,2026-08
L-00090,555-010-0224,Sasha Almeida,E-0178,Finance,CC-1100,AT&T,Pooled 5GB,32.00,5,4.72,3.25,3.92,227,80,6.64,0.00,0.00,38.64,Active,Google Pixel 7,2024-03-17,2026-03-17,2026-08
L-00091,555-010-0231,Clara Yamamoto,E-0265,Finance,CC-1100,AT&T,Pooled 5GB,32.00,5,4.10,2.00,3.51,278,28,10.19,0.00,0.00,42.19,Active,Google Pixel 8,2023-10-09,2025-10-08,2026-08
L-00092,555-010-0249,Ines Reyes,E-0139,Finance,CC-1100,Verizon,Pooled 5GB,32.00,5,2.81,3.19,2.66,201,98,19.74,0.00,0.00,51.74,Active,Google Pixel 7,2025-11-19,2027-11-19,2026-08
L-00093,555-010-0255,Dakota Carmichael,E-0303,Finance,CC-1100,Verizon,Pooled 5GB,32.00,5,1.95,3.35,2.63,123,71,17.69,0.00,0.00,49.69,Active,Google Pixel 7,2024-05-15,2026-05-15,2026-08
L-00094,555-010-0282,Alex Yamamoto,E-0075,Finance,CC-1100,Verizon,Pooled 15GB,48.00,15,7.54,14.56,6.61,803,173,6.36,0.00,0.00,54.36,Active,Google Pixel 8,2024-05-07,2026-05-07,2026-08
L-00095,555-010-0311,Nico Olsen,E-0154,Finance,CC-1100,Verizon,Pooled 15GB,48.00,15,6.96,22.65,28.54,900,105,13.55,0.00,0.00,61.55,Active,Google Pixel 8,2023-05-05,2025-05-04,2026-08
L-00096,555-010-0324,Casey Moreau,E-0069,Finance,CC-1100,Verizon,Pooled 5GB,32.00,5,4.54,1.94,2.41,337,192,14.31,0.00,0.00,46.31,Active,iPhone 13,2026-03-23,2028-03-22,2026-08
L-00097,555-010-0358,Yara Ibrahim,E-0390,Finance,CC-1100,T-Mobile,Business Unlimited Plus,65.00,999,7.93,15.45,14.93,278,290,21.75,0.00,0.00,86.75,Active,Samsung Galaxy S24,2024-05-28,2026-05-28,2026-08
L-00098,555-010-0423,Ines Silva,E-0112,Finance,CC-1100,Verizon,Pooled 15GB,48.00,15,5.42,17.58,14.99,410,213,11.16,0.00,0.00,59.16,Active,Google Pixel 8,2025-09-14,2027-09-14,2026-08
L-00099,555-010-0434,Ravi Murray,E-0182,Finance,CC-1100,Verizon,Pooled 5GB,32.00,5,4.30,4.29,4.76,234,89,13.95,0.00,0.00,45.95,Active,iPhone SE (3rd gen),2024-07-21,2026-07-21,2026-08
L-00100,555-010-0453,Reese Ortiz,E-0118,Finance,CC-1100,T-Mobile,Business Unlimited Pro,85.00,999,8.04,7.51,24.81,497,91,7.25,0.00,0.00,92.25,Active,iPhone 13,2026-03-10,2028-03-09,2026-08
L-00101,555-010-0472,Jonas Cho,E-0204,Finance,CC-1100,Verizon,Voice + Text Only,18.00,0,0.00,0.00,0.00,613,72,5.27,0.00,0.00,23.27,Active,iPhone 15 Pro,2023-07-01,2025-06-30,2026-08
L-00102,555-010-0477,Shiloh Hoffman,E-0212,Finance,CC-1100,Verizon,Pooled 2GB,24.00,2,1.10,0.90,1.34,158,111,11.27,0.00,0.00,35.27,Active,iPhone 14 Pro,2024-08-07,2026-08-07,2026-08
L-00103,555-010-0492,Sam Patel,E-0350,Finance,CC-1100,Verizon,Business Unlimited Plus,65.00,999,9.51,19.20,16.32,244,354,6.66,0.00,0.00,71.66,Active,Google Pixel 8,2024-01-10,2026-01-09,2026-08
L-00104,555-010-0508,Jordan Ibrahim,E-0104,Finance,CC-1100,Verizon,Business Unlimited Plus,65.00,999,23.40,14.83,20.92,554,242,19.38,0.00,0.00,84.38,Active,Samsung Galaxy S24,2025-03-21,2027-03-21,2026-08
L-00105,555-010-0518,Priya Iversen,E-0260,Finance,CC-1100,AT&T,IoT / Telematics 500MB,9.50,0.5,0.32,0.11,0.19,0,0,21.55,0.00,0.00,31.05,Active,Verizon IOT Tracker,2024-08-21,2026-08-21,2026-08
L-00106,555-010-0539,Rowan Dubois,E-0427,Finance,CC-1100,Verizon,Voice + Text Only,18.00,0,0.00,0.00,0.00,328,122,6.68,0.00,0.00,24.68,Active,Google Pixel 7,2024-07-06,2026-07-06,2026-08
L-00107,555-010-0548,Ibrahim Bergstrom,E-0155,Finance,CC-1100,AT&T,Business Unlimited Plus,65.00,999,23.81,8.57,22.66,406,295,10.21,0.00,0.00,75.21,Active,Google Pixel 8,2024-01-20,2026-01-19,2026-08
L-00108,555-010-0550,Alex Okafor,E-0134,Finance,CC-1100,Verizon,Pooled 5GB,32.00,5,1.67,0.83,1.71,2,11,2.69,0.00,0.00,34.69,Active,iPhone 13,2023-07-20,2025-07-19,2026-08
L-00109,555-010-0560,Yara Ibrahim,E-0390,Finance,CC-1100,Verizon,Pooled 5GB,32.00,5,0.60,0.34,0.84,19,1,1.42,0.00,0.00,33.42,Active,iPhone 13,2023-11-27,2025-11-26,2026-08
L-00110,555-010-0590,Hana Petrov,E-0425,Finance,CC-1100,Verizon,Pooled 5GB,32.00,5,4.69,4.27,2.09,158,57,17.74,0.00,0.00,49.74,Active,iPhone 15 Pro,2023-09-18,2025-09-17,2026-08
L-00111,555-010-0012,Luis Vargas,E-0323,Human Resources,CC-1200,AT&T,Pooled 15GB,48.00,15,20.52,6.14,20.39,349,66,7.98,0.00,0.00,55.98,Active,Samsung Galaxy S24,2023-12-09,2025-12-08,2026-08
L-00112,555-010-0021,Yara Hale,E-0366,Human Resources,CC-1200,Verizon,Pooled 15GB,48.00,15,0.91,0.28,1.22,15,7,2.69,0.00,0.00,50.69,Active,Samsung Galaxy S23,2024-12-22,2026-12-22,2026-08
L-00113,555-010-0023,Devon Nasser,E-0213,Human Resources,CC-1200,AT&T,Business Unlimited Plus,65.00,999,5.38,17.53,22.99,806,71,17.99,0.00,0.00,82.99,Active,Samsung Galaxy S23,2023-11-06,2025-11-05,2026-08
L-00114,555-010-0028,River Moreau,E-0096,Human Resources,CC-1200,AT&T,Pooled 2GB,24.00,2,1.66,0.76,1.88,10,2,3.99,0.00,0.00,27.99,Active,Google Pixel 7,2026-04-14,2028-04-13,2026-08
L-00115,555-010-0030,Jonas Nguyen,E-0348,Human Resources,CC-1200,T-Mobile,Pooled 5GB,32.00,5,4.33,3.35,4.79,386,106,13.31,0.00,0.00,45.31,Active,iPhone 14,2024-11-21,2026-11-21,2026-08
L-00116,555-010-0035,Hassan Nasser,E-0079,Human Resources,CC-1200,T-Mobile,Pooled 15GB,48.00,15,6.89,8.47,25.72,564,27,12.72,0.00,0.00,60.72,Active,Samsung Galaxy S24,2023-05-03,2025-05-02,2026-08
L-00117,555-010-0051,River Kowalski,E-0336,Human Resources,CC-1200,AT&T,Pooled 15GB,48.00,15,11.53,11.42,29.59,119,357,4.95,0.00,0.00,52.95,Active,iPhone 13,2025-08-18,2027-08-18,2026-08
L-00118,555-010-0058,Dakota Ibrahim,E-0258,Human Resources,CC-1200,Verizon,Pooled 2GB,24.00,2,0.76,1.67,1.47,367,145,5.12,0.00,0.00,29.12,Active,iPhone 14,2024-06-08,2026-06-08,2026-08
L-00119,555-010-0066,River Moreau,E-0096,Human Resources,CC-1200,AT&T,Pooled 15GB,48.00,15,18.59,6.33,20.99,775,239,12.65,0.00,0.00,60.65,Active,iPhone 15 Pro,2025-12-10,2027-12-10,2026-08
L-00120,555-010-0069,Diego MacLeod,E-0230,Human Resources,CC-1200,Verizon,Pooled 15GB,48.00,15,5.88,5.12,5.44,159,320,11.82,0.00,0.00,59.82,Active,iPhone 15,2023-11-10,2025-11-09,2026-08
L-00121,555-010-0090,Sofia Lindqvist,E-0417,Human Resources,CC-1200,T-Mobile,Pooled 15GB,48.00,15,12.84,9.13,22.38,285,99,17.70,0.00,0.00,65.70,Active,iPhone 14 Pro,2024-02-22,2026-02-21,2026-08
L-00122,555-010-0096,Emerson Hughes,E-0284,Human Resources,CC-1200,Verizon,Pooled 15GB,48.00,15,0.33,0.93,1.62,11,7,0.98,0.00,0.00,48.98,Active,iPhone 14,2025-01-25,2027-01-25,2026-08
L-00123,555-010-0107,Cameron Moreau,E-0339,Human Resources,CC-1200,Verizon,Voice + Text Only,18.00,0,0.00,0.00,0.00,85,28,9.24,0.00,0.00,27.24,Active,iPhone 15,2024-11-15,2026-11-15,2026-08
L-00124,555-010-0109,Nico Nielsen,E-0381,Human Resources,CC-1200,Verizon,Pooled 5GB,32.00,5,4.05,1.88,1.80,370,115,3.91,0.00,0.00,35.91,Active,Samsung Galaxy S24,2024-08-24,2026-08-24,2026-08
L-00125,555-010-0125,Mateo Schultz,E-0295,Human Resources,CC-1200,Verizon,Voice + Text Only,18.00,0,0.00,0.00,0.00,204,210,14.59,0.00,0.00,32.59,Active,iPhone SE (3rd gen),2025-02-22,2027-02-22,2026-08
L-00126,555-010-0138,Marta Silva,E-0353,Human Resources,CC-1200,T-Mobile,Pooled 15GB,48.00,15,5.21,15.04,23.94,269,218,15.54,0.00,0.00,63.54,Active,iPhone 15,2025-11-22,2027-11-22,2026-08
L-00127,555-010-0149,Phoenix Gupta,E-0102,Human Resources,CC-1200,Verizon,Pooled 15GB,48.00,15,9.23,16.01,14.68,875,338,10.56,0.00,0.00,58.56,Active,iPhone 13,2024-04-01,2026-04-01,2026-08
L-00128,555-010-0167,Greta Larsen,E-0116,Human Resources,CC-1200,T-Mobile,Pooled 15GB,48.00,15,7.39,17.14,22.34,681,182,9.44,0.00,0.00,57.44,Active,Samsung Galaxy S23,2023-12-31,2025-12-30,2026-08
L-00129,555-010-0184,Yara Hale,E-0366,Human Resources,CC-1200,T-Mobile,Business Unlimited Plus,65.00,999,15.43,9.52,13.89,623,39,21.06,0.00,0.00,86.06,Active,Samsung Galaxy S23,2023-04-26,2025-04-25,2026-08
L-00130,555-010-0185,River Okonkwo,E-0189,Human Resources,CC-1200,AT&T,Pooled 2GB,24.00,2,1.11,0.94,0.64,267,34,4.69,0.00,0.00,28.69,Active,Google Pixel 7,2025-04-12,2027-04-12,2026-08
L-00131,555-010-0211,Ines Khan,E-0176,Human Resources,CC-1200,AT&T,Pooled 2GB,24.00,2,1.56,0.94,1.19,233,77,9.41,0.00,0.00,33.41,Active,iPhone 14 Pro,2023-07-17,2025-07-16,2026-08
L-00132,555-010-0228,Sasha Reyes,E-0082,Human Resources,CC-1200,Verizon,Business Unlimited Plus,65.00,999,14.64,19.68,12.70,526,234,13.59,0.00,0.00,78.59,Active,Samsung Galaxy S23,2025-04-03,2027-04-03,2026-08
L-00133,555-010-0248,Chris Novak,E-0301,Human Resources,CC-1200,AT&T,Pooled 15GB,48.00,15,15.50,5.54,10.12,346,287,17.96,0.00,0.00,65.96,Active,Samsung Galaxy S24,2023-05-24,2025-05-23,2026-08
L-00134,555-010-0280,Elliot Berg,E-0401,Human Resources,CC-1200,T-Mobile,Business Unlimited Plus,65.00,999,11.38,24.45,12.27,84,318,15.71,0.00,0.00,80.71,Active,iPhone 15 Pro,2026-03-25,2028-03-24,2026-08
L-00135,555-010-0283,Jordan Hale,E-0073,Human Resources,CC-1200,AT&T,Business Unlimited Plus,65.00,999,17.44,20.44,7.44,886,248,9.65,0.00,0.00,74.65,Active,iPhone 13,2025-08-01,2027-08-01,2026-08
L-00136,555-010-0292,Hiro Bennett,E-0108,Human Resources,CC-1200,AT&T,Pooled 2GB,24.00,2,0.32,1.28,1.63,325,19,16.34,0.00,0.00,40.34,Active,Samsung Galaxy S23,2023-09-14,2025-09-13,2026-08
L-00137,555-010-0310,Emerson Fernandez,E-0140,Human Resources,CC-1200,Verizon,Business Unlimited Pro,85.00,999,22.30,23.18,22.55,237,313,5.48,0.00,0.00,90.48,Active,iPhone 14,2023-04-06,2025-04-05,2026-08
L-00138,555-010-0330,Greta Larsen,E-0116,Human Resources,CC-1200,Verizon,Pooled 5GB,32.00,5,0.79,0.58,0.96,1,11,3.36,0.00,0.00,35.36,Active,iPhone 14,2024-11-08,2026-11-08,2026-08
L-00139,555-010-0337,Reese Yamamoto,E-0129,Human Resources,CC-1200,AT&T,Pooled 5GB,32.00,5,2.74,4.01,2.65,276,187,19.29,0.00,0.00,51.29,Active,Google Pixel 7,2025-05-30,2027-05-30,2026-08
L-00140,555-010-0344,Luis Sanders,E-0237,Human Resources,CC-1200,Verizon,Business Unlimited Plus,65.00,999,24.82,24.86,25.40,632,316,17.09,0.00,0.00,82.09,Active,iPhone SE (3rd gen),2024-06-15,2026-06-15,2026-08
L-00141,555-010-0346,Parker Rossi,E-0135,Human Resources,CC-1200,AT&T,Pooled 5GB,32.00,5,4.07,3.74,1.18,72,62,18.90,0.00,0.00,50.90,Active,iPhone 13,2024-07-18,2026-07-18,2026-08
L-00142,555-010-0356,Hassan Diaz,E-0110,Human Resources,CC-1200,AT&T,Pooled 5GB,32.00,5,3.44,2.24,1.02,65,88,17.67,0.00,0.00,49.67,Active,iPhone 15 Pro,2025-05-27,2027-05-27,2026-08
L-00143,555-010-0400,Jordan Hoffman,E-0302,Human Resources,CC-1200,T-Mobile,Business Unlimited Pro,85.00,999,6.57,6.81,20.19,735,62,3.88,0.00,0.00,88.88,Active,iPhone 14,2023-01-30,2025-01-29,2026-08
L-00144,555-010-0401,Leila Nakamura,E-0317,Human Resources,CC-1200,Verizon,Pooled 15GB,48.00,15,26.69,24.71,26.39,315,58,13.56,0.00,0.00,61.56,Active,iPhone 14 Pro,2026-01-02,2028-01-02,2026-08
L-00145,555-010-0411,Ravi Almeida,E-0194,Human Resources,CC-1200,Verizon,Pooled 2GB,24.00,2,1.12,1.16,0.79,25,0,3.98,0.00,0.00,27.98,Active,Google Pixel 8,2023-09-24,2025-09-23,2026-08
L-00146,555-010-0418,Chris Khan,E-0235,Human Resources,CC-1200,Verizon,Pooled 5GB,32.00,5,4.44,4.66,2.07,256,181,5.53,0.00,0.00,37.53,Active,iPhone 15,2024-03-31,2026-03-31,2026-08
L-00147,555-010-0419,Jordan Hale,E-0073,Human Resources,CC-1200,T-Mobile,Business Unlimited Plus,65.00,999,0.58,0.70,0.30,7,10,1.30,0.00,0.00,66.30,Active,Google Pixel 7,2024-09-19,2026-09-19,2026-08
L-00148,555-010-0440,Harper Carmichael,E-0415,Human Resources,CC-1200,AT&T,Pooled 5GB,32.00,5,1.75,4.60,4.40,394,30,10.68,0.00,0.00,42.68,Active,Samsung Galaxy S23,2026-01-29,2028-01-29,2026-08
L-00149,555-010-0442,Emerson Hughes,E-0284,Human Resources,CC-1200,T-Mobile,Pooled 15GB,48.00,15,12.79,5.56,22.76,856,247,18.23,0.00,0.00,66.23,Active,iPhone 14 Pro,2025-06-17,2027-06-17,2026-08
L-00150,555-010-0456,Elena Ortiz,E-0254,Human Resources,CC-1200,Verizon,Pooled 2GB,24.00,2,0.59,1.44,1.16,280,100,20.03,0.00,0.00,44.03,Active,Samsung Galaxy S24,2025-10-29,2027-10-29,2026-08
L-00151,555-010-0458,Yara Whitaker,E-0208,Human Resources,CC-1200,Verizon,IoT / Telematics 500MB,9.50,0.5,0.30,0.32,0.10,0,0,14.65,0.00,0.00,24.15,Active,Samsara VG34,2025-06-25,2027-06-25,2026-08
L-00152,555-010-0459,Jonas Costa,E-0410,Human Resources,CC-1200,Verizon,Pooled 5GB,32.00,5,3.08,3.10,3.13,254,187,6.59,0.00,0.00,38.59,Active,iPhone 14,2023-03-08,2025-03-07,2026-08
L-00153,555-010-0465,Clara Kowalski,E-0124,Human Resources,CC-1200,AT&T,Pooled 5GB,32.00,5,4.41,1.29,4.46,458,74,5.91,0.00,0.00,37.91,Active,Samsung Galaxy S23,2023-07-14,2025-07-13,2026-08
L-00154,555-010-0468,Kerry Yamamoto,E-0312,Human Resources,CC-1200,AT&T,Pooled 15GB,48.00,15,8.96,19.12,9.38,580,196,15.72,0.00,0.00,63.72,Active,iPhone 15 Pro,2023-02-13,2025-02-12,2026-08
L-00155,555-010-0478,Amina Fitzgerald,E-0131,Human Resources,CC-1200,Verizon,Pooled 5GB,32.00,5,4.35,4.24,1.28,426,34,6.60,0.00,0.00,38.60,Active,iPhone 14,2025-05-17,2027-05-17,2026-08
L-00156,555-010-0491,Amari Nakamura,E-0363,Human Resources,CC-1200,Verizon,Business Unlimited Plus,65.00,999,15.51,22.57,20.06,707,352,14.40,0.00,0.00,79.40,Active,iPhone 15 Pro,2023-12-27,2025-12-26,2026-08
L-00157,555-010-0510,Chris Okafor,E-0288,Human Resources,CC-1200,AT&T,Pooled 2GB,24.00,2,1.39,0.54,1.00,127,135,17.04,0.00,0.00,41.04,Active,iPhone 15 Pro,2025-03-31,2027-03-31,2026-08
L-00158,555-010-0519,Remy Ibrahim,E-0228,Human Resources,CC-1200,Verizon,Business Unlimited Plus,65.00,999,20.35,25.15,5.47,877,199,20.89,0.00,0.00,85.89,Active,Google Pixel 8,2025-10-29,2027-10-29,2026-08
L-00159,555-010-0533,Noah Khan,E-0333,Human Resources,CC-1200,AT&T,Business Unlimited Plus,65.00,999,22.60,11.14,24.77,560,298,20.96,0.00,0.00,85.96,Active,iPhone 13,2024-02-27,2026-02-26,2026-08
L-00160,555-010-0554,Reese Brooks,E-0334,Human Resources,CC-1200,AT&T,Business Unlimited Pro,85.00,999,13.55,19.03,15.53,196,253,13.14,0.00,0.00,98.14,Active,Samsung Galaxy S24,2023-02-01,2025-01-31,2026-08
L-00161,555-010-0556,Nora Rahman,E-0409,Human Resources,CC-1200,AT&T,Business Unlimited Pro,85.00,999,21.07,9.14,28.09,217,257,6.14,0.00,0.00,91.14,Active,iPhone SE (3rd gen),2025-05-12,2027-05-12,2026-08
L-00162,555-010-0572,Theo Walsh,E-0097,Human Resources,CC-1200,AT&T,IoT / Telematics 500MB,9.50,0.5,0.08,0.19,0.18,0,0,9.03,0.00,0.00,18.53,Active,Verizon IOT Tracker,2024-09-23,2026-09-23,2026-08
L-00163,555-010-0577,Cameron Hoffman,E-0310,Human Resources,CC-1200,T-Mobile,Pooled 2GB,24.00,2,1.36,0.34,1.24,220,147,10.35,0.00,0.00,34.35,Active,Google Pixel 7,2025-06-30,2027-06-30,2026-08
L-00164,555-010-0587,Dakota Gupta,E-0214,Human Resources,CC-1200,AT&T,Pooled 5GB,32.00,5,4.04,4.06,4.07,334,61,17.14,0.00,0.00,49.14,Active,iPhone 15,2024-03-01,2026-03-01,2026-08
L-00165,555-010-0588,Ravi Almeida,E-0194,Human Resources,CC-1200,T-Mobile,Business Unlimited Plus,65.00,999,19.79,21.69,27.50,795,98,17.23,0.00,0.00,82.23,Active,Google Pixel 8,2023-03-24,2025-03-23,2026-08
L-00166,555-010-0001,Phoenix Klein,E-0497,IT,CC-1500,Verizon,Business Unlimited Pro,85.00,999,0.81,3.60,3.48,121,8,1.66,0.00,0.00,86.66,Active,iPhone 13,2025-11-06,2027-11-06,2026-08
L-00167,555-010-0007,Ines Okafor,E-0406,IT,CC-1500,T-Mobile,Pooled 5GB,32.00,5,4.35,4.27,4.05,122,35,14.28,0.00,0.00,46.28,Active,iPhone 15,2024-02-10,2026-02-09,2026-08
L-00168,555-010-0034,Amari Hoffman,E-0101,IT,CC-1500,Verizon,Voice + Text Only,18.00,0,0.00,0.00,0.00,694,53,20.69,0.00,0.00,38.69,Active,iPhone 15,2024-09-18,2026-09-18,2026-08
L-00169,555-010-0039,Luis Murray,E-0236,IT,CC-1500,Verizon,Pooled 2GB,24.00,2,1.58,0.57,1.27,194,10,11.32,0.00,0.00,35.32,Active,Google Pixel 7,2024-10-05,2026-10-05,2026-08
L-00170,555-010-0065,Kai Moreau,E-0093,IT,CC-1500,T-Mobile,Pooled 2GB,24.00,2,1.45,1.35,1.34,380,8,7.50,0.00,0.00,31.50,Active,iPhone 14 Pro,2023-01-27,2025-01-26,2026-08
L-00171,555-010-0073,Drew Murray,E-0411,IT,CC-1500,T-Mobile,Pooled 5GB,32.00,5,2.84,4.15,2.46,329,17,21.08,0.00,0.00,53.08,Active,iPhone SE (3rd gen),2023-09-30,2025-09-29,2026-08
L-00172,555-010-0088,Amari Singh,E-0158,IT,CC-1500,AT&T,Voice + Text Only,18.00,0,0.00,0.00,0.00,217,113,18.34,0.00,0.00,36.34,Active,Google Pixel 7,2026-04-09,2028-04-08,2026-08
L-00173,555-010-0104,Priya Brennan,E-0062,IT,CC-1500,AT&T,Business Unlimited Pro,85.00,999,24.99,19.12,28.02,553,389,18.77,0.00,0.00,103.77,Active,iPhone SE (3rd gen),2026-02-08,2028-02-08,2026-08
L-00174,555-010-0114,Reese MacLeod,E-0489,IT,CC-1500,AT&T,Business Unlimited Pro,85.00,999,1.06,3.84,1.98,43,5,11.51,0.00,0.00,96.51,Active,Google Pixel 8,2024-05-30,2026-05-30,2026-08
L-00175,555-010-0117,Greta Rahman,E-0488,IT,CC-1500,Verizon,Business Unlimited Pro,85.00,999,4.65,4.26,3.16,104,29,6.28,0.00,0.00,91.28,Active,iPhone 15,2023-09-06,2025-09-05,2026-08
L-00176,555-010-0147,Remy Fernandez,E-0313,IT,CC-1500,AT&T,Pooled 5GB,32.00,5,0.42,0.84,0.90,13,7,2.27,0.00,0.00,34.27,Active,Samsung Galaxy S23,2023-11-18,2025-11-17,2026-08
L-00177,555-010-0150,Amina Moreau,E-0525,IT,CC-1500,AT&T,Pooled 15GB,48.00,15,2.72,0.45,1.35,23,36,0.08,0.00,0.00,48.08,Active,iPhone 14,2024-06-26,2026-06-26,2026-08
L-00178,555-010-0152,River Olsen,E-0495,IT,CC-1500,Verizon,Business Unlimited Pro,85.00,999,2.34,3.36,3.38,119,32,6.49,0.00,0.00,91.49,Active,Google Pixel 7,2023-05-21,2025-05-20,2026-08
L-00179,555-010-0153,Charlie Berg,E-0352,IT,CC-1500,AT&T,Pooled 5GB,32.00,5,2.45,2.73,4.85,98,38,10.69,0.00,0.00,42.69,Active,Google Pixel 7,2025-04-09,2027-04-09,2026-08
L-00180,555-010-0173,Parker Hale,E-0408,IT,CC-1500,Verizon,Pooled 5GB,32.00,5,3.32,3.08,2.54,92,62,19.70,0.00,0.00,51.70,Active,iPhone SE (3rd gen),2024-12-12,2026-12-12,2026-08
L-00181,555-010-0178,Riley Sato,E-0331,IT,CC-1500,Verizon,IoT / Telematics 500MB,9.50,0.5,0.11,0.28,0.11,0,0,17.78,0.00,0.00,27.28,Active,CalAmp LMU-3030,2025-09-02,2027-09-02,2026-08
L-00182,555-010-0180,Morgan Lambert,E-0521,IT,CC-1500,AT&T,Pooled 15GB,48.00,15,1.36,3.80,1.44,62,69,9.57,0.00,0.00,57.57,Active,iPhone 14 Pro,2023-10-24,2025-10-23,2026-08
L-00183,555-010-0183,Shiloh Hughes,E-0404,IT,CC-1500,Verizon,Business Unlimited Plus,65.00,999,6.95,8.30,25.34,752,340,5.08,0.00,0.00,70.08,Active,iPhone 14 Pro,2026-04-26,2028-04-25,2026-08
L-00184,555-010-0189,Riley Fitzgerald,E-0419,IT,CC-1500,AT&T,Business Unlimited Plus,65.00,999,12.14,19.33,14.42,822,297,21.84,0.00,0.00,86.84,Active,iPhone 13,2025-08-12,2027-08-12,2026-08
L-00185,555-010-0190,Avery MacLeod,E-0362,IT,CC-1500,T-Mobile,Business Unlimited Plus,65.00,999,27.83,23.83,27.47,512,312,13.55,0.00,0.00,78.55,Active,Samsung Galaxy S23,2023-09-29,2025-09-28,2026-08
L-00186,555-010-0201,Amina Singh,E-0405,IT,CC-1500,AT&T,Pooled 5GB,32.00,5,3.52,2.25,3.45,328,94,12.66,0.00,0.00,44.66,Active,iPhone SE (3rd gen),2023-01-29,2025-01-28,2026-08
L-00187,555-010-0206,Greta Nasser,E-0266,IT,CC-1500,AT&T,Business Unlimited Plus,65.00,999,14.34,21.10,17.20,709,291,18.04,0.00,0.00,83.04,Active,Samsung Galaxy S23,2023-01-25,2025-01-24,2026-08
L-00188,555-010-0207,Jamie Okafor,E-0299,IT,CC-1500,AT&T,Pooled 5GB,32.00,5,2.08,4.23,2.89,471,115,3.86,0.00,0.00,35.86,Active,iPhone 14 Pro,2026-04-05,2028-04-04,2026-08
L-00189,555-010-0214,Reese Okafor,E-0365,IT,CC-1500,Verizon,Business Unlimited Pro,85.00,999,24.38,17.75,19.30,317,23,8.56,0.00,0.00,93.56,Active,iPhone 15 Pro,2026-04-16,2028-04-15,2026-08
L-00190,555-010-0218,Rowan Fernandez,E-0342,IT,CC-1500,Verizon,Business Unlimited Plus,65.00,999,26.30,11.93,21.97,649,393,7.76,0.00,0.00,72.76,Active,iPhone 14,2026-03-18,2028-03-17,2026-08
L-00191,555-010-0233,River Brennan,E-0219,IT,CC-1500,T-Mobile,Pooled 15GB,48.00,15,7.95,9.41,12.02,894,239,20.17,0.00,0.00,68.17,Active,Google Pixel 7,2024-01-05,2026-01-04,2026-08
L-00192,555-010-0241,Alex Whitaker,E-0518,IT,CC-1500,Verizon,Business Unlimited Plus,65.00,999,1.77,4.49,1.14,189,62,1.39,0.00,0.00,66.39,Active,Google Pixel 8,2024-12-23,2026-12-23,2026-08
L-00193,555-010-0243,Greta Brooks,E-0100,IT,CC-1500,Verizon,Pooled 15GB,48.00,15,16.54,25.19,21.84,895,240,18.46,0.00,0.00,66.46,Active,Samsung Galaxy S24,2025-10-20,2027-10-20,2026-08
L-00194,555-010-0252,Yara Fitzgerald,E-0065,IT,CC-1500,Verizon,Business Unlimited Plus,65.00,999,6.17,11.25,23.12,890,287,8.38,0.00,0.00,73.38,Active,iPhone 14 Pro,2024-03-15,2026-03-15,2026-08
L-00195,555-010-0262,Nora Petrov,E-0524,IT,CC-1500,AT&T,Pooled 15GB,48.00,15,1.40,2.58,3.82,49,49,5.03,0.00,0.00,53.03,Active,Google Pixel 8,2024-02-05,2026-02-04,2026-08
L-00196,555-010-0263,Hassan Bergstrom,E-0311,IT,CC-1500,Verizon,Business Unlimited Plus,65.00,999,27.06,18.79,10.95,768,266,8.58,0.00,0.00,73.58,Active,Samsung Galaxy S23,2026-03-27,2028-03-26,2026-08
L-00197,555-010-0268,Luis Whitaker,E-0491,IT,CC-1500,AT&T,Business Unlimited Pro,85.00,999,4.16,1.73,2.45,176,41,11.57,0.00,0.00,96.57,Active,Samsung Galaxy S23,2025-02-19,2027-02-19,2026-08
L-00198,555-010-0271,Nora Brennan,E-0060,IT,CC-1500,Verizon,Pooled 5GB,32.00,5,2.21,1.70,3.28,201,158,4.21,0.00,0.00,36.21,Active,iPhone 14 Pro,2025-02-01,2027-02-01,2026-08
L-00199,555-010-0273,Omar Silva,E-0498,IT,CC-1500,T-Mobile,Business Unlimited Pro,85.00,999,2.59,3.57,3.52,38,54,6.96,0.00,0.00,91.96,Active,iPhone 13,2024-04-14,2026-04-14,2026-08
L-00200,555-010-0296,Sam Johansson,E-0081,IT,CC-1500,T-Mobile,Pooled 5GB,32.00,5,3.89,2.13,2.37,306,12,7.86,0.00,0.00,39.86,Active,iPhone 15,2024-10-21,2026-10-21,2026-08
L-00201,555-010-0319,Eden Klein,E-0490,IT,CC-1500,Verizon,Business Unlimited Pro,85.00,999,2.16,3.92,2.07,68,68,10.65,0.00,0.00,95.65,Active,iPhone 14,2026-02-02,2028-02-02,2026-08
L-00202,555-010-0321,Casey Andersen,E-0297,IT,CC-1500,AT&T,Pooled 5GB,32.00,5,3.68,3.65,3.46,160,95,7.05,0.00,0.00,39.05,Active,iPhone 14,2023-06-04,2025-06-03,2026-08
L-00203,555-010-0323,Leila Singh,E-0289,IT,CC-1500,Verizon,Pooled 5GB,32.00,5,3.34,4.00,2.35,212,75,6.49,0.00,0.00,38.49,Active,iPhone 13,2025-03-10,2027-03-10,2026-08
L-00204,555-010-0343,Chris Castillo,E-0309,IT,CC-1500,T-Mobile,Pooled 15GB,48.00,15,14.18,11.55,25.82,894,291,12.09,0.00,0.00,60.09,Active,Google Pixel 7,2023-06-23,2025-06-22,2026-08
L-00205,555-010-0350,Clara Almeida,E-0128,IT,CC-1500,Verizon,Pooled 5GB,32.00,5,3.05,2.04,4.03,291,113,19.14,0.00,0.00,51.14,Active,Samsung Galaxy S24,2025-06-27,2027-06-27,2026-08
L-00206,555-010-0353,Sam Khan,E-0183,IT,CC-1500,AT&T,Business Unlimited Plus,65.00,999,23.36,17.53,10.89,782,355,12.10,0.00,0.00,77.10,Active,Samsung Galaxy S23,2024-09-26,2026-09-26,2026-08
L-00207,555-010-0355,Priya Nguyen,E-0121,IT,CC-1500,Verizon,IoT / Telematics 500MB,9.50,0.5,0.15,0.27,0.35,0,0,7.20,0.00,0.00,16.70,Active,Verizon IOT Tracker,2025-07-10,2027-07-10,2026-08
L-00208,555-010-0363,Marta Schultz,E-0435,IT,CC-1500,AT&T,Voice + Text Only,18.00,0,0.00,0.00,0.00,368,158,13.07,0.00,0.00,31.07,Active,Samsung Galaxy S24,2025-04-22,2027-04-22,2026-08
L-00209,555-010-0369,Dakota Nakamura,E-0482,IT,CC-1500,AT&T,Business Unlimited Pro,85.00,999,1.48,2.01,1.93,105,40,12.60,0.00,0.00,97.60,Active,iPhone 15 Pro,2023-10-16,2025-10-15,2026-08
L-00210,555-010-0374,Remy Fernandez,E-0313,IT,CC-1500,Verizon,Business Unlimited Plus,65.00,999,22.66,6.89,20.65,897,339,5.16,0.00,0.00,70.16,Active,iPhone 14 Pro,2023-09-21,2025-09-20,2026-08
L-00211,555-010-0416,Noah Petrov,E-0130,IT,CC-1500,T-Mobile,Voice + Text Only,18.00,0,0.00,0.00,0.00,109,147,19.30,0.00,0.00,37.30,Active,iPhone 13,2024-02-19,2026-02-18,2026-08
L-00212,555-010-0430,Finley Okafor,E-0195,IT,CC-1500,AT&T,Pooled 15GB,48.00,15,10.51,10.83,12.24,824,386,16.65,0.00,0.00,64.65,Active,Google Pixel 8,2023-11-30,2025-11-29,2026-08
L-00213,555-010-0439,Devon Fitzgerald,E-0120,IT,CC-1500,Verizon,Pooled 2GB,24.00,2,0.92,1.36,0.90,138,64,5.05,0.00,0.00,29.05,Active,Samsung Galaxy S23,2023-06-14,2025-06-13,2026-08
L-00214,555-010-0448,Drew Carmichael,E-0479,IT,CC-1500,T-Mobile,Business Unlimited Pro,85.00,999,1.23,3.58,3.58,124,42,3.62,0.00,0.00,88.62,Active,iPhone 15,2025-11-12,2027-11-12,2026-08
L-00215,555-010-0449,Mateo Patel,E-0142,IT,CC-1500,AT&T,Business Unlimited Plus,65.00,999,6.42,22.64,25.40,279,117,10.24,0.00,0.00,75.24,Active,Samsung Galaxy S24,2026-02-07,2028-02-07,2026-08
L-00216,555-010-0483,Shiloh Petrov,E-0307,IT,CC-1500,Verizon,Pooled 15GB,48.00,15,7.65,14.18,15.23,148,365,13.73,0.00,0.00,61.73,Active,iPhone 14 Pro,2025-01-29,2027-01-29,2026-08
L-00217,555-010-0489,Charlie Schultz,E-0422,IT,CC-1500,Verizon,Pooled 2GB,24.00,2,1.71,1.16,1.35,142,103,13.07,0.00,0.00,37.07,Active,iPhone SE (3rd gen),2026-01-23,2028-01-23,2026-08
L-00218,555-010-0506,Kerry Diaz,E-0356,IT,CC-1500,Verizon,Business Unlimited Pro,85.00,999,19.28,24.49,24.94,580,49,14.43,0.00,0.00,99.43,Active,Samsung Galaxy S23,2024-10-28,2026-10-28,2026-08
L-00219,555-010-0525,Greta Sato,E-0385,IT,CC-1500,AT&T,Voice + Text Only,18.00,0,0.00,0.00,0.00,390,186,15.52,0.00,0.00,33.52,Active,Samsung Galaxy S24,2024-03-28,2026-03-28,2026-08
L-00220,555-010-0534,Mateo Ortiz,E-0507,IT,CC-1500,T-Mobile,Business Unlimited Plus,65.00,999,4.07,2.87,0.75,149,19,8.95,0.00,0.00,73.95,Active,iPhone 13,2026-03-15,2028-03-14,2026-08
L-00221,555-010-0546,Sam Diaz,E-0170,IT,CC-1500,T-Mobile,Pooled 2GB,24.00,2,1.15,1.01,1.08,280,28,16.33,0.00,0.00,40.33,Active,Google Pixel 7,2025-11-27,2027-11-27,2026-08
L-00222,555-010-0557,Marta Dubois,E-0509,IT,CC-1500,T-Mobile,Business Unlimited Plus,65.00,999,4.09,2.20,2.69,182,15,10.76,0.00,0.00,75.76,Active,iPhone 15 Pro,2025-06-09,2027-06-09,2026-08
L-00223,555-010-0562,Priya Berg,E-0231,IT,CC-1500,AT&T,Pooled 2GB,24.00,2,1.69,1.86,0.63,370,103,7.30,0.00,0.00,31.30,Active,iPhone 14,2023-03-16,2025-03-15,2026-08
L-00224,555-010-0570,Quinn Kowalski,E-0504,IT,CC-1500,Verizon,Business Unlimited Plus,65.00,999,1.50,4.65,3.88,195,76,8.72,0.00,0.00,73.72,Active,iPhone 15,2025-11-21,2027-11-21,2026-08
L-00225,555-010-0571,Jordan Carmichael,E-0511,IT,CC-1500,AT&T,Business Unlimited Plus,65.00,999,2.25,3.26,0.59,48,75,4.57,0.00,0.00,69.57,Active,iPhone 15 Pro,2024-12-07,2026-12-07,2026-08
L-00226,555-010-0575,Elliot Hughes,E-0394,IT,CC-1500,Verizon,Business Unlimited Pro,85.00,999,24.75,23.03,27.93,406,386,14.52,0.00,0.00,99.52,Active,iPhone 13,2025-06-04,2027-06-04,2026-08
L-00227,555-010-0579,Taylor Diaz,E-0145,IT,CC-1500,T-Mobile,IoT / Telematics 500MB,9.50,0.5,0.06,0.31,0.09,0,0,3.81,0.00,0.00,13.31,Active,Verizon IOT Tracker,2024-09-30,2026-09-30,2026-08
L-00228,555-010-0582,Priya Novak,E-0503,IT,CC-1500,Verizon,Business Unlimited Plus,65.00,999,3.88,2.43,3.70,55,79,5.90,0.00,0.00,70.90,Active,Google Pixel 7,2025-06-09,2027-06-09,2026-08
L-00229,555-010-0003,Reese Diaz,E-0186,Facilities,CC-1600,T-Mobile,Business Unlimited Pro,85.00,999,18.58,8.55,9.73,820,148,3.67,0.00,0.00,88.67,Active,Samsung Galaxy S24,2025-01-27,2027-01-27,2026-08
L-00230,555-010-0010,Theo Klein,E-0337,Facilities,CC-1600,AT&T,Pooled 15GB,48.00,15,26.09,12.79,8.68,663,291,5.79,0.00,0.00,53.79,Active,iPhone 15 Pro,2025-08-13,2027-08-13,2026-08
L-00231,555-010-0018,Clara Fitzgerald,E-0420,Facilities,CC-1600,T-Mobile,Business Unlimited Plus,65.00,999,22.94,6.84,23.40,637,390,20.37,0.00,0.00,85.37,Active,Google Pixel 8,2023-05-03,2025-05-02,2026-08
L-00232,555-010-0048,Emerson Ortiz,E-0038,Facilities,CC-1600,T-Mobile,Pooled 15GB,48.00,15,0.00,0.00,0.00,0,0,4.31,0.00,0.00,52.31,Active,iPhone 15 Pro,2024-04-25,2026-02-18,2026-08
L-00233,555-010-0049,Ines Schultz,E-0282,Facilities,CC-1600,AT&T,Pooled 15GB,48.00,15,14.85,19.10,28.79,596,227,14.41,0.00,0.00,62.41,Active,iPhone SE (3rd gen),2025-10-14,2027-10-14,2026-08
L-00234,555-010-0072,,,Facilities,CC-1600,T-Mobile,Pooled 2GB,24.00,2,11.80,5.13,4.61,249,46,8.48,0.00,0.00,32.48,Active,iPhone 14,2025-05-11,2027-05-11,2026-08
L-00235,555-010-0074,Taylor Nasser,E-0180,Facilities,CC-1600,Verizon,Pooled 2GB,24.00,2,1.54,0.30,1.54,152,66,7.31,0.00,0.00,31.31,Active,iPhone 15,2023-01-30,2025-01-29,2026-08
L-00236,555-010-0083,Drew Singh,E-0188,Facilities,CC-1600,AT&T,Business Unlimited Plus,65.00,999,27.49,15.53,13.89,431,296,13.68,0.00,0.00,78.68,Active,iPhone 15 Pro,2024-09-21,2026-09-21,2026-08
L-00237,555-010-0087,Pat Rossi,E-0076,Facilities,CC-1600,T-Mobile,Business Unlimited Pro,85.00,999,22.46,21.21,11.78,348,30,19.02,0.00,0.00,104.02,Active,iPhone SE (3rd gen),2024-02-15,2026-02-14,2026-08
L-00238,555-010-0092,,,Facilities,CC-1600,AT&T,Voice + Text Only,18.00,0,0.00,0.00,0.00,374,56,13.18,0.00,0.00,31.18,Active,iPhone 15,2023-10-03,2025-10-02,2026-08
L-00239,555-010-0095,Blake Bergstrom,E-0049,Facilities,CC-1600,T-Mobile,Pooled 5GB,32.00,5,0.00,0.00,0.00,0,1,11.55,0.00,0.00,43.55,Active,iPhone SE (3rd gen),2024-02-23,2025-06-27,2026-08
L-00240,555-010-0105,Sasha Brooks,E-0306,Facilities,CC-1600,AT&T,IoT / Telematics 500MB,9.50,0.5,0.30,0.31,0.28,0,0,11.40,0.00,0.00,20.90,Active,Geotab GO9,2024-05-13,2026-05-13,2026-08
L-00241,555-010-0111,Jonas Schultz,E-0232,Facilities,CC-1600,AT&T,Pooled 15GB,48.00,15,9.03,20.27,15.14,527,326,9.70,0.00,0.00,57.70,Active,iPhone SE (3rd gen),2023-01-19,2025-01-18,2026-08
L-00242,555-010-0126,Chris Carmichael,E-0169,Facilities,CC-1600,AT&T,Pooled 2GB,24.00,2,0.76,0.41,1.30,202,46,17.24,0.00,0.00,41.24,Active,iPhone 15,2025-12-01,2027-12-01,2026-08
L-00243,555-010-0133,Andre Kowalski,E-0064,Facilities,CC-1600,T-Mobile,Pooled 5GB,32.00,5,3.99,2.39,4.62,250,27,7.41,0.00,0.00,39.41,Active,Samsung Galaxy S24,2023-04-09,2025-04-08,2026-08
L-00244,555-010-0143,Amari Ortiz,E-0215,Facilities,CC-1600,AT&T,Pooled 15GB,48.00,15,25.00,22.70,15.83,309,367,19.03,0.00,0.00,67.03,Active,iPhone 15 Pro,2023-10-23,2025-10-22,2026-08
L-00245,555-010-0144,Sage Bergstrom,E-0051,Facilities,CC-1600,Verizon,Pooled 5GB,32.00,5,0.00,0.00,0.00,0,0,6.13,0.00,0.00,38.13,Active,iPhone 14,2025-06-22,2025-07-30,2026-08
L-00246,555-010-0161,Fatima Lambert,E-0396,Facilities,CC-1600,Verizon,Pooled 2GB,24.00,2,1.21,0.54,1.13,80,123,16.17,0.00,0.00,40.17,Active,Samsung Galaxy S24,2024-06-22,2026-06-22,2026-08
L-00247,555-010-0162,Sam Olsen,E-0105,Facilities,CC-1600,Verizon,Voice + Text Only,18.00,0,0.00,0.00,0.00,684,180,11.79,0.00,0.00,29.79,Active,Google Pixel 7,2024-01-09,2026-01-08,2026-08
L-00248,555-010-0166,,,Facilities,CC-1600,T-Mobile,Business Unlimited Plus,65.00,999,2.20,0.69,7.78,81,7,4.87,0.00,0.00,69.87,Active,Samsung Galaxy S24,2026-01-23,2028-01-23,2026-08
L-00249,555-010-0168,Riley Whitaker,E-0119,Facilities,CC-1600,Verizon,Pooled 2GB,24.00,2,0.18,1.10,1.84,25,9,1.48,0.00,0.00,25.48,Active,iPhone 14 Pro,2023-06-02,2025-06-01,2026-08
L-00250,555-010-0177,Eden Andersen,E-0200,Facilities,CC-1600,Verizon,Pooled 2GB,24.00,2,0.75,1.44,0.65,151,44,5.46,0.00,0.00,29.46,Active,iPhone SE (3rd gen),2026-03-15,2028-03-14,2026-08
L-00251,555-010-0199,,,Facilities,CC-1600,Verizon,IoT / Telematics 500MB,9.50,0.5,2.57,9.39,3.96,0,53,9.00,0.00,0.00,18.50,Active,Verizon IOT Tracker,2024-01-12,2026-01-11,2026-08
L-00252,555-010-0202,Ravi Nakamura,E-0252,Facilities,CC-1600,Verizon,Business Unlimited Pro,85.00,999,12.00,5.72,22.94,608,385,6.94,0.00,0.00,91.94,Active,Google Pixel 8,2025-07-24,2027-07-24,2026-08
L-00253,555-010-0203,Devon Carmichael,E-0402,Facilities,CC-1600,Verizon,Pooled 5GB,32.00,5,1.56,3.35,4.82,244,176,8.76,0.00,0.00,40.76,Active,Google Pixel 7,2023-07-10,2025-07-09,2026-08
L-00254,555-010-0213,Yara Iversen,E-0177,Facilities,CC-1600,AT&T,Business Unlimited Plus,65.00,999,6.95,25.59,28.63,866,390,4.97,0.00,0.00,69.97,Active,iPhone 14,2023-05-13,2025-05-12,2026-08
L-00255,555-010-0223,Omar Novak,E-0242,Facilities,CC-1600,Verizon,Pooled 5GB,32.00,5,2.60,3.62,3.31,112,13,19.74,0.00,0.00,51.74,Active,Google Pixel 7,2023-07-18,2025-07-17,2026-08
L-00256,555-010-0226,Sana Singh,E-0172,Facilities,CC-1600,Verizon,Business Unlimited Plus,65.00,999,18.64,5.69,23.71,509,326,17.05,0.00,0.00,82.05,Active,Google Pixel 7,2024-06-25,2026-06-25,2026-08
L-00257,555-010-0230,,,Facilities,CC-1600,T-Mobile,Pooled 5GB,32.00,5,1.56,4.64,8.69,299,16,6.15,0.00,0.00,38.15,Active,iPhone 15 Pro,2023-11-25,2025-11-24,2026-08
L-00258,555-010-0232,Riley Whitaker,E-0119,Facilities,CC-1600,Verizon,Pooled 15GB,48.00,15,11.15,7.67,7.85,609,216,19.67,0.00,0.00,67.67,Active,Google Pixel 8,2024-09-29,2026-09-29,2026-08
L-00259,555-010-0246,Avery Dubois,E-0267,Facilities,CC-1600,Verizon,Pooled 15GB,48.00,15,24.75,7.50,12.10,513,379,16.92,0.00,0.00,64.92,Active,Samsung Galaxy S23,2025-04-24,2027-04-24,2026-08
L-00260,555-010-0254,Jordan Nakamura,E-0092,Facilities,CC-1600,Verizon,Pooled 2GB,24.00,2,1.69,1.09,1.24,382,33,6.84,0.00,0.00,30.84,Active,Google Pixel 7,2025-02-04,2027-02-04,2026-08
L-00261,555-010-0256,Sofia Nakamura,E-0414,Facilities,CC-1600,AT&T,Voice + Text Only,18.00,0,1.46,0.85,0.73,16,5,2.64,0.00,0.00,20.64,Active,Samsung Galaxy S23,2023-08-18,2025-08-17,2026-08
L-00262,555-010-0260,Leila Schultz,E-0395,Facilities,CC-1600,Verizon,Business Unlimited Plus,65.00,999,13.11,13.10,14.90,300,147,15.73,0.00,0.00,80.73,Active,iPhone 14,2023-12-01,2025-11-30,2026-08
L-00263,555-010-0265,,,Facilities,CC-1600,Verizon,Pooled 5GB,32.00,5,7.26,1.97,8.79,399,34,7.86,0.00,0.00,39.86,Active,iPhone 15 Pro,2023-09-01,2025-08-31,2026-08
L-00264,555-010-0267,Nora Singh,E-0163,Facilities,CC-1600,AT&T,Business Unlimited Plus,65.00,999,19.20,6.39,7.77,651,107,3.92,0.00,0.00,68.92,Active,iPhone 14,2025-12-02,2027-12-02,2026-08
L-00265,555-010-0286,Priya Silva,E-0033,Facilities,CC-1600,AT&T,Business Unlimited Plus,65.00,999,0.00,0.00,0.00,0,2,8.87,0.00,0.00,73.87,Active,Samsung Galaxy S23,2023-06-12,2027-05-22,2026-08
L-00266,555-010-0290,Chris MacLeod,E-0304,Facilities,CC-1600,AT&T,IoT / Telematics 500MB,9.50,0.5,0.33,0.09,0.13,0,0,19.90,0.00,0.00,29.40,Active,Samsara VG34,2025-05-26,2027-05-26,2026-08
L-00267,555-010-0306,Sofia Nakamura,E-0414,Facilities,CC-1600,Verizon,Pooled 15GB,48.00,15,17.31,11.45,26.73,322,167,4.89,0.00,0.00,52.89,Active,Google Pixel 7,2026-04-20,2028-04-19,2026-08
L-00268,555-010-0316,Emerson Larsen,E-0125,Facilities,CC-1600,AT&T,Pooled 15GB,48.00,15,17.13,7.92,25.28,663,192,4.22,0.00,0.00,52.22,Active,Google Pixel 8,2024-10-02,2026-10-02,2026-08
L-00269,555-010-0325,,,Facilities,CC-1600,T-Mobile,Pooled 2GB,24.00,2,2.54,10.12,4.86,236,73,6.33,0.00,0.00,30.33,Active,iPhone 15 Pro,2026-02-11,2028-02-11,2026-08
L-00270,555-010-0334,Emerson Costa,E-0168,Facilities,CC-1600,Verizon,IoT / Telematics 500MB,9.50,0.5,0.07,0.25,0.24,0,0,19.41,0.00,0.00,28.91,Active,Geotab GO9,2023-04-07,2025-04-06,2026-08
L-00271,555-010-0338,Jordan Larsen,E-0150,Facilities,CC-1600,Verizon,Business Unlimited Plus,65.00,999,14.33,9.57,22.57,846,345,21.04,0.00,0.00,86.04,Active,iPhone 15,2024-07-28,2026-07-28,2026-08
L-00272,555-010-0345,Sasha Brennan,E-0040,Facilities,CC-1600,T-Mobile,Pooled 15GB,48.00,15,0.00,0.00,0.00,0,0,9.68,0.00,0.00,57.68,Active,iPhone SE (3rd gen),2026-01-30,2026-05-28,2026-08
L-00273,555-010-0349,,,Facilities,CC-1600,AT&T,IoT / Telematics 500MB,9.50,0.5,6.49,10.97,7.60,0,0,3.32,0.00,0.00,12.82,Active,Samsara VG34,2024-10-25,2026-10-25,2026-08
L-00274,555-010-0360,Theo Berg,E-0434,Facilities,CC-1600,T-Mobile,Pooled 15GB,48.00,15,15.11,9.84,13.53,604,53,5.67,0.00,0.00,53.67,Active,iPhone 15,2023-09-29,2025-09-28,2026-08
L-00275,555-010-0361,Morgan Brennan,E-0021,Facilities,CC-1600,AT&T,Business Unlimited Pro,85.00,999,0.00,0.00,0.00,0,2,10.09,0.00,0.00,95.09,Active,Samsung Galaxy S23,2025-04-17,2026-10-31,2026-08
L-00276,555-010-0373,,,Facilities,CC-1600,T-Mobile,Voice + Text Only,18.00,0,0.00,0.00,0.00,324,41,3.41,0.00,0.00,21.41,Active,iPhone 13,2025-09-29,2027-09-29,2026-08
L-00277,555-010-0382,Shiloh Brennan,E-0281,Facilities,CC-1600,AT&T,IoT / Telematics 500MB,9.50,0.5,0.30,0.06,0.29,0,0,8.25,0.00,0.00,17.75,Active,Geotab GO9,2023-08-14,2025-08-13,2026-08
L-00278,555-010-0402,Parker Ibrahim,E-0330,Facilities,CC-1600,T-Mobile,Voice + Text Only,18.00,0,0.00,0.00,0.00,109,130,5.67,0.00,0.00,23.67,Active,iPhone 15 Pro,2023-05-23,2025-05-22,2026-08
L-00279,555-010-0408,Ibrahim Kowalski,E-0146,Facilities,CC-1600,AT&T,Voice + Text Only,18.00,0,0.00,0.00,0.00,646,214,17.94,0.00,0.00,35.94,Active,iPhone SE (3rd gen),2024-05-13,2026-05-13,2026-08
L-00280,555-010-0425,Riley Sanders,E-0094,Facilities,CC-1600,T-Mobile,IoT / Telematics 500MB,9.50,0.5,0.08,0.31,0.27,0,0,17.37,0.00,0.00,26.87,Active,Samsara VG34,2023-02-16,2025-02-15,2026-08
L-00281,555-010-0429,,,Facilities,CC-1600,Verizon,Pooled 5GB,32.00,5,9.67,3.84,6.25,178,69,4.70,0.00,0.00,36.70,Active,Google Pixel 7,2023-05-26,2025-05-25,2026-08
L-00282,555-010-0432,Ines Nakamura,E-0243,Facilities,CC-1600,T-Mobile,Business Unlimited Pro,85.00,999,25.00,12.27,28.86,482,172,5.11,0.00,0.00,90.11,Active,iPhone 14 Pro,2024-10-08,2026-10-08,2026-08
L-00283,555-010-0452,Andre Vargas,E-0137,Facilities,CC-1600,AT&T,Business Unlimited Pro,85.00,999,24.04,25.68,27.88,636,96,9.67,0.00,0.00,94.67,Active,iPhone 13,2025-08-04,2027-08-04,2026-08
L-00284,555-010-0464,,,Facilities,CC-1600,AT&T,Pooled 15GB,48.00,15,10.10,4.67,6.37,256,36,4.02,0.00,0.00,52.02,Active,iPhone SE (3rd gen),2025-07-26,2027-07-26,2026-08
L-00285,555-010-0467,Amari Ortiz,E-0215,Facilities,CC-1600,Verizon,Pooled 2GB,24.00,2,0.28,0.82,1.33,9,9,3.40,0.00,0.00,27.40,Active,Google Pixel 8,2025-09-16,2027-09-16,2026-08
L-00286,555-010-0473,,,Facilities,CC-1600,AT&T,Voice + Text Only,18.00,0,0.00,0.00,0.00,375,32,12.26,0.00,0.00,30.26,Active,iPhone 15,2024-06-02,2026-06-02,2026-08
L-00287,555-010-0479,,,Facilities,CC-1600,Verizon,Pooled 2GB,24.00,2,0.36,0.97,3.34,249,14,12.28,0.00,0.00,36.28,Active,Samsung Galaxy S24,2023-11-29,2025-11-28,2026-08
L-00288,555-010-0494,Blake Nakamura,E-0166,Facilities,CC-1600,AT&T,Pooled 5GB,32.00,5,3.05,4.46,3.76,478,36,15.98,0.00,0.00,47.98,Active,iPhone SE (3rd gen),2023-06-26,2025-06-25,2026-08
L-00289,555-010-0500,,,Facilities,CC-1600,AT&T,Pooled 15GB,48.00,15,4.18,10.77,0.38,372,23,2.40,0.00,0.00,50.40,Active,Samsung Galaxy S24,2024-07-14,2026-07-14,2026-08
L-00290,555-010-0522,Nora MacLeod,E-0345,Facilities,CC-1600,T-Mobile,Pooled 5GB,32.00,5,4.20,3.54,4.06,294,136,14.82,0.00,0.00,46.82,Active,iPhone 14 Pro,2025-11-14,2027-11-14,2026-08
L-00291,555-010-0540,Jordan Brennan,E-0085,Facilities,CC-1600,Verizon,Pooled 2GB,24.00,2,1.33,1.83,1.61,39,105,15.56,0.00,0.00,39.56,Active,iPhone 13,2026-03-10,2028-03-09,2026-08
L-00292,555-010-0549,Yara Iversen,E-0177,Facilities,CC-1600,T-Mobile,Business Unlimited Plus,65.00,999,0.73,0.64,0.95,1,2,3.55,0.00,0.00,68.55,Active,iPhone SE (3rd gen),2024-04-17,2026-04-17,2026-08
L-00293,555-010-0561,Kenji Sato,E-0067,Facilities,CC-1600,Verizon,Pooled 5GB,32.00,5,2.03,1.61,3.45,453,196,10.75,0.00,0.00,42.75,Active,Samsung Galaxy S23,2024-03-14,2026-03-14,2026-08
L-00294,555-010-0573,Cameron Kowalski,E-0264,Facilities,CC-1600,Verizon,Pooled 2GB,24.00,2,0.53,0.20,1.04,68,12,7.27,0.00,0.00,31.27,Active,iPhone 14 Pro,2024-07-26,2026-07-26,2026-08
L-00295,555-010-0581,Kenji Berg,E-0296,Facilities,CC-1600,Verizon,Business Unlimited Pro,85.00,999,26.83,23.30,22.53,768,171,10.83,0.00,0.00,95.83,Active,iPhone SE (3rd gen),2025-02-16,2027-02-16,2026-08
L-00296,555-010-0004,Nico Moreau,E-0276,Logistics,CC-1800,AT&T,Business Unlimited Plus,65.00,999,0.14,0.31,0.85,24,11,4.02,0.00,0.00,69.02,Active,iPhone 15 Pro,2024-10-10,2026-10-10,2026-08
L-00297,555-010-0009,,,Logistics,CC-1800,AT&T,Pooled 2GB,24.00,2,1.79,4.72,7.02,46,65,2.63,0.00,0.00,26.63,Active,Samsung Galaxy S23,2026-02-09,2028-02-09,2026-08
L-00298,555-010-0041,Shiloh Okafor,E-0359,Logistics,CC-1800,T-Mobile,Pooled 5GB,32.00,5,2.96,3.94,1.99,400,190,7.71,0.00,0.00,39.71,Active,iPhone 14 Pro,2025-01-31,2027-01-31,2026-08
L-00299,555-010-0067,Taylor Yamamoto,E-0250,Logistics,CC-1800,T-Mobile,Business Unlimited Plus,65.00,999,12.27,14.21,12.01,756,282,10.37,0.00,0.00,75.37,Active,iPhone SE (3rd gen),2025-11-18,2027-11-18,2026-08
L-00300,555-010-0079,Diego Hoffman,E-0173,Logistics,CC-1800,AT&T,Pooled 15GB,48.00,15,6.77,19.51,26.36,673,165,4.97,0.00,0.00,52.97,Active,Google Pixel 7,2023-01-18,2025-01-17,2026-08
L-00301,555-010-0089,Sasha Larsen,E-0185,Logistics,CC-1800,Verizon,Pooled 5GB,32.00,5,3.75,1.44,4.26,144,79,4.63,0.00,0.00,36.63,Active,Samsung Galaxy S24,2024-11-20,2026-11-20,2026-08
L-00302,555-010-0132,,,Logistics,CC-1800,AT&T,Pooled 5GB,32.00,5,11.79,4.44,5.80,260,58,10.98,0.00,0.00,42.98,Active,iPhone 14,2023-04-13,2025-04-12,2026-08
L-00303,555-010-0139,River Hughes,E-0147,Logistics,CC-1800,AT&T,Pooled 5GB,32.00,5,3.66,2.30,3.42,344,158,12.20,0.00,0.00,44.20,Active,iPhone 13,2023-09-23,2025-09-22,2026-08
L-00304,555-010-0140,Hana Diaz,E-0335,Logistics,CC-1800,AT&T,Pooled 15GB,48.00,15,14.68,11.68,13.30,713,373,16.58,0.00,0.00,64.58,Active,iPhone 15,2023-09-07,2025-09-06,2026-08
L-00305,555-010-0142,,,Logistics,CC-1800,T-Mobile,Business Unlimited Plus,65.00,999,1.30,4.13,6.80,296,11,6.62,0.00,0.00,71.62,Active,iPhone SE (3rd gen),2025-07-29,2027-07-29,2026-08
L-00306,555-010-0151,,,Logistics,CC-1800,AT&T,Pooled 15GB,48.00,15,1.14,6.74,5.78,324,37,10.85,0.00,0.00,58.85,Active,iPhone SE (3rd gen),2026-03-06,2028-03-05,2026-08
L-00307,555-010-0197,Lila Berg,E-0159,Logistics,CC-1800,Verizon,Voice + Text Only,18.00,0,0.00,0.00,0.00,331,186,10.82,0.00,0.00,28.82,Active,Google Pixel 7,2025-06-28,2027-06-28,2026-08
L-00308,555-010-0208,Marley Fitzgerald,E-0332,Logistics,CC-1800,T-Mobile,Business Unlimited Plus,65.00,999,9.77,10.29,11.05,719,361,6.62,0.00,0.00,71.62,Active,iPhone 14 Pro,2025-10-24,2027-10-24,2026-08
L-00309,555-010-0221,Amina Dubois,E-0149,Logistics,CC-1800,T-Mobile,Business Unlimited Plus,65.00,999,5.92,9.24,18.82,144,219,18.42,0.00,0.00,83.42,Active,Samsung Galaxy S24,2023-11-24,2025-11-23,2026-08
L-00310,555-010-0250,Eden Patel,E-0220,Logistics,CC-1800,T-Mobile,Voice + Text Only,18.00,0,0.00,0.00,0.00,520,163,10.60,0.00,0.00,28.60,Active,iPhone 13,2025-01-26,2027-01-26,2026-08
L-00311,555-010-0259,Noah Bergstrom,E-0358,Logistics,CC-1800,AT&T,Pooled 5GB,32.00,5,3.85,1.51,1.46,101,42,14.37,0.00,0.00,46.37,Active,iPhone SE (3rd gen),2026-02-20,2028-02-20,2026-08
L-00312,555-010-0277,Lila Gupta,E-0418,Logistics,CC-1800,Verizon,IoT / Telematics 500MB,9.50,0.5,0.21,0.18,0.09,0,0,9.71,0.00,0.00,19.21,Active,Verizon IOT Tracker,2025-04-17,2027-04-17,2026-08
L-00313,555-010-0281,Blake Bennett,E-0227,Logistics,CC-1800,AT&T,Pooled 2GB,24.00,2,1.05,1.20,1.16,198,127,21.78,0.00,0.00,45.78,Active,iPhone 13,2023-09-15,2025-09-14,2026-08
L-00314,555-010-0284,Hana Rossi,E-0318,Logistics,CC-1800,AT&T,Pooled 15GB,48.00,15,9.21,25.95,17.53,689,358,20.99,0.00,0.00,68.99,Active,Samsung Galaxy S24,2025-01-06,2027-01-06,2026-08
L-00315,555-010-0287,,,Logistics,CC-1800,Verizon,Pooled 5GB,32.00,5,1.48,6.49,5.50,76,2,7.86,0.00,0.00,39.86,Active,iPhone 13,2023-05-06,2025-05-05,2026-08
L-00316,555-010-0289,Reese Almeida,E-0156,Logistics,CC-1800,T-Mobile,Pooled 5GB,32.00,5,3.45,3.50,1.46,413,30,5.46,0.00,0.00,37.46,Active,Google Pixel 8,2023-08-05,2025-08-04,2026-08
L-00317,555-010-0298,Taylor Lambert,E-0374,Logistics,CC-1800,AT&T,Pooled 2GB,24.00,2,1.42,0.62,0.80,99,85,4.12,0.00,0.00,28.12,Active,iPhone 13,2023-01-29,2025-01-28,2026-08
L-00318,555-010-0299,,,Logistics,CC-1800,Verizon,Pooled 5GB,32.00,5,9.83,10.31,1.82,371,7,5.08,0.00,0.00,37.08,Active,iPhone 15 Pro,2023-08-18,2025-08-17,2026-08
L-00319,555-010-0309,,,Logistics,CC-1800,Verizon,Pooled 5GB,32.00,5,5.90,10.58,3.88,292,25,3.61,0.00,0.00,35.61,Active,iPhone SE (3rd gen),2025-04-12,2027-04-12,2026-08
L-00320,555-010-0340,Sage Johansson,E-0428,Logistics,CC-1800,Verizon,Pooled 15GB,48.00,15,16.21,23.08,24.54,538,118,11.23,0.00,0.00,59.23,Active,iPhone SE (3rd gen),2024-01-15,2026-01-14,2026-08
L-00321,555-010-0386,Harper Brooks,E-0192,Logistics,CC-1800,Verizon,Pooled 5GB,32.00,5,1.16,1.16,1.83,13,0,3.76,0.00,0.00,35.76,Active,Samsung Galaxy S24,2025-06-26,2027-06-26,2026-08
L-00322,555-010-0410,Theo MacLeod,E-0143,Logistics,CC-1800,Verizon,Voice + Text Only,18.00,0,0.00,0.00,0.00,65,233,20.21,0.00,0.00,38.21,Active,Samsung Galaxy S24,2023-05-27,2025-05-26,2026-08
L-00323,555-010-0461,Clara Sato,E-0291,Logistics,CC-1800,T-Mobile,Pooled 15GB,48.00,15,17.43,16.62,17.24,649,89,10.55,0.00,0.00,58.55,Active,iPhone 14 Pro,2023-03-28,2025-03-27,2026-08
L-00324,555-010-0482,Harper Brooks,E-0192,Logistics,CC-1800,Verizon,Business Unlimited Pro,85.00,999,26.33,19.00,7.91,667,292,12.08,0.00,0.00,97.08,Active,Google Pixel 8,2023-09-07,2025-09-06,2026-08
L-00325,555-010-0498,Theo Khan,E-0233,Logistics,CC-1800,AT&T,IoT / Telematics 500MB,9.50,0.5,0.34,0.09,0.10,0,0,17.39,0.00,0.00,26.89,Active,Geotab GO9,2023-07-08,2025-07-07,2026-08
L-00326,555-010-0499,Casey Gupta,E-0209,Logistics,CC-1800,Verizon,Business Unlimited Plus,65.00,999,19.76,8.03,23.76,402,366,19.46,0.00,0.00,84.46,Active,Samsung Galaxy S23,2025-07-26,2027-07-26,2026-08
L-00327,555-010-0505,Blake Vargas,E-0379,Logistics,CC-1800,Verizon,Pooled 15GB,48.00,15,23.32,22.79,25.07,713,315,8.23,0.00,0.00,56.23,Active,iPhone 15 Pro,2024-06-24,2026-06-24,2026-08
L-00328,555-010-0515,Jordan Okafor,E-0164,Logistics,CC-1800,T-Mobile,Business Unlimited Pro,85.00,999,13.54,22.43,11.75,289,94,6.06,0.00,0.00,91.06,Active,iPhone 15 Pro,2024-06-23,2026-06-23,2026-08
L-00329,555-010-0517,Kerry Schultz,E-0305,Logistics,CC-1800,Verizon,Pooled 5GB,32.00,5,3.66,2.53,2.62,59,178,17.11,0.00,0.00,49.11,Active,iPhone 13,2025-04-11,2027-04-11,2026-08
L-00330,555-010-0526,Nico Moreau,E-0276,Logistics,CC-1800,Verizon,Business Unlimited Plus,65.00,999,27.04,24.29,8.23,541,378,18.24,0.00,0.00,83.24,Active,iPhone 14,2025-06-20,2027-06-20,2026-08
L-00331,555-010-0535,Ines Walsh,E-0089,Logistics,CC-1800,AT&T,Business Unlimited Plus,65.00,999,6.15,21.33,13.63,516,274,12.71,0.00,0.00,77.71,Active,iPhone 15 Pro,2025-11-09,2027-11-09,2026-08
L-00332,555-010-0555,Andre Cho,E-0074,Logistics,CC-1800,AT&T,Pooled 5GB,32.00,5,3.87,3.17,2.77,276,97,6.32,0.00,0.00,38.32,Active,iPhone 14,2025-08-07,2027-08-07,2026-08
L-00333,555-010-0567,Hayden Petrov,E-0392,Logistics,CC-1800,Verizon,Voice + Text Only,18.00,0,0.00,0.00,0.00,291,73,16.59,0.00,0.00,34.59,Active,Samsung Galaxy S23,2024-11-09,2026-11-09,2026-08
L-00334,555-010-0569,Lila Yamamoto,E-0151,Logistics,CC-1800,AT&T,Pooled 5GB,32.00,5,3.19,4.26,1.81,125,160,5.12,0.00,0.00,37.12,Active,iPhone 13,2024-06-23,2026-06-23,2026-08
L-00335,555-010-0585,Parker Costa,E-0171,Logistics,CC-1800,T-Mobile,Voice + Text Only,18.00,0,0.00,0.00,0.00,598,95,16.47,0.00,0.00,34.47,Active,iPhone 15,2025-04-12,2027-04-12,2026-08
L-00336,555-010-0020,Jordan Diaz,E-0412,Sales,CC-2200,T-Mobile,Business Unlimited Pro,85.00,999,6.92,10.08,13.99,85,148,6.92,0.00,0.00,91.92,Active,Samsung Galaxy S23,2023-12-09,2025-12-08,2026-08
L-00337,555-010-0024,Priya Castillo,E-0203,Sales,CC-2200,AT&T,Business Unlimited Plus,65.00,999,21.61,19.49,20.02,223,382,15.88,0.00,0.00,80.88,Active,Samsung Galaxy S23,2024-09-19,2026-09-19,2026-08
L-00338,555-010-0027,Amina Rahman,E-0161,Sales,CC-2200,T-Mobile,Pooled 5GB,32.00,5,4.02,2.98,3.13,267,183,11.85,0.00,0.00,43.85,Active,iPhone 15,2023-12-26,2025-12-25,2026-08
L-00339,555-010-0033,Taylor Bergstrom,E-0387,Sales,CC-2200,T-Mobile,Business Unlimited Plus,65.00,999,16.26,16.50,25.31,658,78,8.04,0.00,0.00,73.04,Active,Google Pixel 7,2026-02-18,2028-02-18,2026-08
L-00340,555-010-0055,Elliot Nguyen,E-0459,Sales,CC-2200,AT&T,Pooled 5GB,32.00,5,13.50,7.88,11.04,483,153,3.09,115.32,0.00,150.41,Active,iPhone 14 Pro,2023-12-26,2025-12-25,2026-08
L-00341,555-010-0068,Finley Nguyen,E-0456,Sales,CC-2200,AT&T,Pooled 5GB,32.00,5,8.41,10.29,11.97,298,64,5.84,114.77,0.00,152.61,Active,iPhone 14 Pro,2025-08-25,2027-08-25,2026-08
L-00342,555-010-0075,Ines Whitaker,E-0132,Sales,CC-2200,AT&T,Pooled 15GB,48.00,15,15.78,7.67,29.79,158,107,7.84,0.00,0.00,55.84,Active,iPhone SE (3rd gen),2024-03-31,2026-03-31,2026-08
L-00343,555-010-0093,Leila Fitzgerald,E-0455,Sales,CC-2200,Verizon,Pooled 5GB,32.00,5,10.24,11.67,11.63,448,45,4.11,110.71,0.00,146.82,Active,iPhone SE (3rd gen),2024-11-15,2026-11-15,2026-08
L-00344,555-010-0098,Diego Klein,E-0292,Sales,CC-2200,AT&T,Voice + Text Only,18.00,0,0.00,0.00,0.00,257,80,19.54,0.00,0.00,37.54,Active,iPhone 14 Pro,2023-11-11,2025-11-10,2026-08
L-00345,555-010-0101,Kenji Khan,E-0321,Sales,CC-2200,Verizon,Pooled 5GB,32.00,5,4.07,3.54,2.81,294,176,4.45,0.00,0.00,36.45,Active,iPhone 13,2025-12-26,2027-12-26,2026-08
L-00346,555-010-0106,Theo Vargas,E-0444,Sales,CC-2200,T-Mobile,Business Unlimited Pro,85.00,999,16.32,17.63,20.42,516,115,4.45,0.00,157.94,247.39,Active,Google Pixel 8,2024-01-24,2026-01-23,2026-08
L-00347,555-010-0175,Finley Khan,E-0445,Sales,CC-2200,AT&T,Business Unlimited Pro,85.00,999,6.53,16.13,20.17,513,143,12.79,0.00,221.94,319.73,Active,iPhone 15 Pro,2026-01-16,2028-01-16,2026-08
L-00348,555-010-0188,Skyler Novak,E-0473,Sales,CC-2200,T-Mobile,Pooled 5GB,32.00,5,7.54,6.26,6.61,367,68,6.58,74.24,0.00,112.82,Active,Google Pixel 7,2024-10-11,2026-10-11,2026-08
L-00349,555-010-0191,Harper Hoffman,E-0315,Sales,CC-2200,T-Mobile,Pooled 5GB,32.00,5,4.40,2.37,2.48,481,127,10.11,0.00,0.00,42.11,Active,Samsung Galaxy S24,2023-12-16,2025-12-15,2026-08
L-00350,555-010-0204,Cameron Okonkwo,E-0467,Sales,CC-2200,AT&T,Pooled 5GB,32.00,5,6.69,9.26,10.22,109,127,2.34,122.68,0.00,157.02,Active,iPhone 14 Pro,2023-03-31,2025-03-30,2026-08
L-00351,555-010-0212,Blake Lambert,E-0225,Sales,CC-2200,AT&T,Business Unlimited Plus,65.00,999,20.48,16.49,24.75,222,309,20.79,0.00,0.00,85.79,Active,iPhone SE (3rd gen),2023-05-07,2025-05-06,2026-08
L-00352,555-010-0216,Victor Andersen,E-0095,Sales,CC-2200,AT&T,Pooled 15GB,48.00,15,22.24,11.83,21.13,700,106,12.29,0.00,0.00,60.29,Active,iPhone SE (3rd gen),2023-09-01,2025-08-31,2026-08
L-00353,555-010-0238,Riley Kowalski,E-0071,Sales,CC-2200,Verizon,Pooled 5GB,32.00,5,4.36,2.98,3.23,136,144,6.57,0.00,0.00,38.57,Active,iPhone 14,2024-09-10,2026-09-10,2026-08
L-00354,555-010-0240,Eden Costa,E-0463,Sales,CC-2200,T-Mobile,Pooled 5GB,32.00,5,13.37,11.90,9.31,243,146,3.45,66.44,0.00,101.89,Active,iPhone 15,2024-03-25,2026-03-25,2026-08
L-00355,555-010-0288,Elliot Ortiz,E-0241,Sales,CC-2200,AT&T,Pooled 2GB,24.00,2,1.57,0.29,1.18,196,118,4.16,0.00,0.00,28.16,Active,Samsung Galaxy S23,2025-12-22,2027-12-22,2026-08
L-00356,555-010-0303,Cameron Bennett,E-0197,Sales,CC-2200,T-Mobile,Voice + Text Only,18.00,0,0.00,0.00,0.00,165,42,18.28,0.00,0.00,36.28,Active,iPhone 15,2025-09-03,2027-09-03,2026-08
L-00357,555-010-0307,Hana Larsen,E-0462,Sales,CC-2200,Verizon,Pooled 5GB,32.00,5,10.73,7.03,12.39,215,98,5.52,111.42,0.00,148.94,Active,Samsung Galaxy S23,2024-10-08,2026-10-08,2026-08
L-00358,555-010-0320,Leila Novak,E-0248,Sales,CC-2200,AT&T,Business Unlimited Pro,85.00,999,16.53,13.58,19.80,635,360,9.93,0.00,0.00,94.93,Active,iPhone 14,2026-01-09,2028-01-09,2026-08
L-00359,555-010-0328,Alex Nakamura,E-0162,Sales,CC-2200,Verizon,Pooled 2GB,24.00,2,1.65,0.44,0.78,130,35,14.92,0.00,0.00,38.92,Active,Samsung Galaxy S24,2026-03-16,2028-03-15,2026-08
L-00360,555-010-0332,Luis Yamamoto,E-0126,Sales,CC-2200,Verizon,Business Unlimited Pro,85.00,999,21.71,20.44,13.86,488,399,17.11,0.00,0.00,102.11,Active,Samsung Galaxy S24,2025-10-20,2027-10-20,2026-08
L-00361,555-010-0335,Diego Patel,E-0451,Sales,CC-2200,T-Mobile,Pooled 5GB,32.00,5,11.52,6.38,8.42,230,80,5.43,65.44,0.00,102.87,Active,iPhone 15 Pro,2023-03-06,2025-03-05,2026-08
L-00362,555-010-0348,Hassan Hale,E-0344,Sales,CC-2200,Verizon,Pooled 15GB,48.00,15,6.18,23.05,10.35,190,349,8.29,0.00,0.00,56.29,Active,Samsung Galaxy S24,2023-06-19,2025-06-18,2026-08
L-00363,555-010-0365,Priya Castillo,E-0203,Sales,CC-2200,T-Mobile,Pooled 2GB,24.00,2,1.47,0.45,0.40,13,12,2.28,0.00,0.00,26.28,Active,Samsung Galaxy S24,2025-11-19,2027-11-19,2026-08
L-00364,555-010-0366,Ibrahim Rossi,E-0441,Sales,CC-2200,Verizon,Business Unlimited Pro,85.00,999,11.96,9.34,13.74,458,85,1.27,0.00,213.94,300.21,Active,iPhone 13,2026-03-22,2028-03-21,2026-08
L-00365,555-010-0368,Parker Diaz,E-0078,Sales,CC-2200,AT&T,IoT / Telematics 500MB,9.50,0.5,0.27,0.22,0.32,0,0,6.74,0.00,0.00,16.24,Active,CalAmp LMU-3030,2023-03-12,2025-03-11,2026-08
L-00366,555-010-0371,Alex Ortiz,E-0430,Sales,CC-2200,Verizon,Pooled 2GB,24.00,2,1.14,0.42,0.83,367,51,9.31,0.00,0.00,33.31,Active,iPhone 14,2024-03-08,2026-03-08,2026-08
L-00367,555-010-0391,Mateo Vargas,E-0448,Sales,CC-2200,AT&T,Business Unlimited Plus,65.00,999,11.91,18.88,16.92,382,148,13.92,0.00,163.23,242.15,Active,iPhone 15,2025-09-08,2027-09-08,2026-08
L-00368,555-010-0392,Charlie Lambert,E-0367,Sales,CC-2200,T-Mobile,Pooled 5GB,32.00,5,4.38,1.95,4.68,157,185,3.65,0.00,0.00,35.65,Active,Google Pixel 8,2026-03-22,2028-03-21,2026-08
L-00369,555-010-0393,Avery Nasser,E-0468,Sales,CC-2200,AT&T,Pooled 5GB,32.00,5,11.28,6.86,6.63,308,25,2.91,127.73,0.00,162.64,Active,iPhone 14 Pro,2023-12-12,2025-12-11,2026-08
L-00370,555-010-0407,Jamie Olsen,E-0466,Sales,CC-2200,AT&T,Pooled 5GB,32.00,5,12.07,9.60,8.39,118,127,0.49,98.04,0.00,130.53,Active,iPhone 15,2025-05-14,2027-05-14,2026-08
L-00371,555-010-0414,Elena Johansson,E-0446,Sales,CC-2200,AT&T,Business Unlimited Plus,65.00,999,16.72,14.09,22.07,403,148,0.53,0.00,144.54,210.07,Active,Google Pixel 8,2026-02-27,2028-02-27,2026-08
L-00372,555-010-0420,Sasha MacLeod,E-0324,Sales,CC-2200,T-Mobile,Business Unlimited Plus,65.00,999,14.48,22.11,28.66,376,36,20.97,0.00,0.00,85.97,Active,Google Pixel 7,2023-08-19,2025-08-18,2026-08
L-00373,555-010-0427,Hayden Bennett,E-0388,Sales,CC-2200,T-Mobile,Business Unlimited Pro,85.00,999,11.49,22.77,22.67,380,142,10.19,0.00,0.00,95.19,Active,Google Pixel 8,2023-01-16,2025-01-15,2026-08
L-00374,555-010-0431,Leila Reyes,E-0127,Sales,CC-2200,Verizon,Pooled 2GB,24.00,2,0.49,1.37,1.29,182,91,7.47,0.00,0.00,31.47,Active,iPhone 15 Pro,2024-06-01,2026-06-01,2026-08
L-00375,555-010-0433,Amina Okafor,E-0088,Sales,CC-2200,AT&T,Pooled 5GB,32.00,5,3.22,2.13,3.45,324,192,6.22,0.00,0.00,38.22,Active,Google Pixel 8,2025-06-01,2027-06-01,2026-08
L-00376,555-010-0471,Noah Ibrahim,E-0343,Sales,CC-2200,Verizon,Pooled 15GB,48.00,15,5.74,8.82,21.35,627,275,19.85,0.00,0.00,67.85,Active,iPhone 14,2023-12-06,2025-12-05,2026-08
L-00377,555-010-0490,Cameron Singh,E-0080,Sales,CC-2200,Verizon,Pooled 2GB,24.00,2,1.77,1.74,0.47,315,43,10.86,0.00,0.00,34.86,Active,Google Pixel 7,2024-03-27,2026-03-27,2026-08
L-00378,555-010-0493,Skyler Berg,E-0086,Sales,CC-2200,Verizon,Pooled 5GB,32.00,5,3.80,1.20,4.68,328,122,9.90,0.00,0.00,41.90,Active,iPhone 14,2025-08-09,2027-08-09,2026-08
L-00379,555-010-0496,Morgan Vargas,E-0447,Sales,CC-2200,Verizon,Business Unlimited Plus,65.00,999,18.34,14.66,12.23,233,75,9.33,0.00,133.22,207.55,Active,Google Pixel 7,2024-03-10,2026-03-10,2026-08
L-00380,555-010-0502,Cameron Cho,E-0443,Sales,CC-2200,AT&T,Business Unlimited Pro,85.00,999,10.41,7.12,18.86,359,193,14.33,0.00,182.68,282.01,Active,iPhone 13,2024-12-05,2026-12-05,2026-08
L-00381,555-010-0503,Amari Novak,E-0450,Sales,CC-2200,Verizon,Business Unlimited Plus,65.00,999,18.01,16.52,16.81,269,96,9.77,0.00,191.42,266.19,Active,Google Pixel 8,2026-03-15,2028-03-14,2026-08
L-00382,555-010-0504,Andre Rahman,E-0423,Sales,CC-2200,T-Mobile,Pooled 2GB,24.00,2,1.64,0.85,0.51,333,117,14.84,0.00,0.00,38.84,Active,iPhone 13,2024-08-02,2026-08-02,2026-08
L-00383,555-010-0513,Blake Reyes,E-0218,Sales,CC-2200,AT&T,Pooled 2GB,24.00,2,0.66,0.53,1.60,238,20,5.63,0.00,0.00,29.63,Active,iPhone 14,2023-09-09,2025-09-08,2026-08
L-00384,555-010-0532,Nico Schultz,E-0440,Sales,CC-2200,Verizon,Business Unlimited Pro,85.00,999,7.43,14.06,9.16,505,63,4.06,0.00,132.77,221.83,Active,iPhone 15 Pro,2024-01-30,2026-01-29,2026-08
L-00385,555-010-0543,Clara Sanders,E-0449,Sales,CC-2200,AT&T,Business Unlimited Plus,65.00,999,14.46,14.56,19.35,366,170,8.23,0.00,196.79,270.02,Active,Google Pixel 7,2025-05-31,2027-05-31,2026-08
L-00386,555-010-0558,Mei Rahman,E-0442,Sales,CC-2200,T-Mobile,Business Unlimited Pro,85.00,999,6.52,17.04,13.45,411,171,1.79,0.00,193.53,280.32,Active,iPhone SE (3rd gen),2023-09-10,2025-09-09,2026-08
L-00387,555-010-0015,Reese Bennett,E-0026,Customer Support,CC-2500,T-Mobile,Business Unlimited Pro,85.00,999,0.00,0.00,0.00,0,0,11.29,0.00,0.00,96.29,Active,Google Pixel 8,2024-08-31,2026-10-19,2026-08
L-00388,555-010-0019,Sage Almeida,E-0476,Customer Support,CC-2500,T-Mobile,Pooled 5GB,32.00,5,13.23,11.01,12.14,445,49,9.01,79.41,0.00,120.42,Active,iPhone 15 Pro,2023-06-21,2025-06-20,2026-08
L-00389,555-010-0038,Mateo Nielsen,E-0257,Customer Support,CC-2500,Verizon,Pooled 15GB,48.00,15,22.42,23.57,15.49,702,238,15.56,0.00,0.00,63.56,Active,iPhone 15,2024-08-15,2026-08-15,2026-08
L-00390,555-010-0042,Leila Yamamoto,E-0457,Customer Support,CC-2500,AT&T,Pooled 5GB,32.00,5,13.66,10.11,9.63,100,72,2.32,111.93,0.00,146.25,Active,iPhone 14,2024-11-14,2026-11-14,2026-08
L-00391,555-010-0044,Chris Nakamura,E-0454,Customer Support,CC-2500,AT&T,Pooled 5GB,32.00,5,13.89,10.23,6.07,140,27,7.52,142.75,0.00,182.27,Active,Google Pixel 8,2025-03-23,2027-03-23,2026-08
L-00392,555-010-0046,Riley Cho,E-0470,Customer Support,CC-2500,T-Mobile,Pooled 5GB,32.00,5,7.13,10.75,9.38,407,57,11.34,108.33,0.00,151.67,Active,iPhone 14,2025-09-28,2027-09-28,2026-08
L-00393,555-010-0047,Amina Schultz,E-0346,Customer Support,CC-2500,AT&T,Business Unlimited Plus,65.00,999,8.35,24.83,6.87,153,267,7.10,0.00,0.00,72.10,Active,Google Pixel 8,2025-02-09,2027-02-09,2026-08
L-00394,555-010-0057,Sasha Dubois,E-0357,Customer Support,CC-2500,Verizon,Business Unlimited Plus,65.00,999,14.99,23.07,6.15,716,155,10.35,0.00,0.00,75.35,Active,iPhone 14,2023-08-23,2025-08-22,2026-08
L-00395,555-010-0062,Mateo Nielsen,E-0257,Customer Support,CC-2500,Verizon,Pooled 2GB,24.00,2,1.64,0.04,0.77,15,11,0.93,0.00,0.00,24.93,Active,iPhone 14,2024-10-02,2026-10-02,2026-08
L-00396,555-010-0064,Devon Nielsen,E-0106,Customer Support,CC-2500,T-Mobile,Pooled 15GB,48.00,15,25.81,21.08,9.89,516,368,17.88,0.00,0.00,65.88,Active,iPhone SE (3rd gen),2025-03-20,2027-03-20,2026-08
L-00397,555-010-0084,Riley Singh,E-0198,Customer Support,CC-2500,Verizon,Pooled 5GB,32.00,5,0.80,0.20,0.69,19,1,3.61,0.00,0.00,35.61,Active,iPhone 15,2025-07-16,2027-07-16,2026-08
L-00398,555-010-0085,Elliot Murray,E-0240,Customer Support,CC-2500,Verizon,IoT / Telematics 500MB,9.50,0.5,0.09,0.07,0.24,0,0,17.16,0.00,0.00,26.66,Active,Geotab GO9,2025-11-09,2027-11-09,2026-08
L-00399,555-010-0119,Logan Murray,E-0037,Customer Support,CC-2500,Verizon,Business Unlimited Plus,65.00,999,0.00,0.00,0.00,0,0,11.50,0.00,0.00,76.50,Active,iPhone 14 Pro,2025-01-03,2027-06-27,2026-08
L-00400,555-010-0134,Nora Castillo,E-0056,Customer Support,CC-2500,Verizon,Voice + Text Only,18.00,0,0.00,0.00,0.00,0,1,2.85,0.00,0.00,20.85,Active,iPhone SE (3rd gen),2023-10-02,2025-07-19,2026-08
L-00401,555-010-0137,Marley Walsh,E-0475,Customer Support,CC-2500,AT&T,Pooled 5GB,32.00,5,12.81,10.96,9.44,494,150,5.28,86.38,0.00,123.66,Active,Samsung Galaxy S23,2025-08-02,2027-08-02,2026-08
L-00402,555-010-0146,Morgan Brooks,E-0153,Customer Support,CC-2500,Verizon,Pooled 5GB,32.00,5,4.61,3.61,3.81,357,97,18.33,0.00,0.00,50.33,Active,Samsung Galaxy S23,2025-06-19,2027-06-19,2026-08
L-00403,555-010-0154,Blake Andersen,E-0424,Customer Support,CC-2500,Verizon,Business Unlimited Pro,85.00,999,5.63,5.58,29.24,413,370,10.28,0.00,0.00,95.28,Active,iPhone 14,2023-08-05,2025-08-04,2026-08
L-00404,555-010-0169,Parker Carmichael,E-0072,Customer Support,CC-2500,AT&T,Pooled 15GB,48.00,15,9.46,24.77,25.65,779,327,14.27,0.00,0.00,62.27,Active,iPhone 15 Pro,2023-02-28,2025-02-27,2026-08
L-00405,555-010-0172,Ibrahim Fernandez,E-0472,Customer Support,CC-2500,Verizon,Pooled 5GB,32.00,5,13.56,9.88,8.21,352,82,8.93,73.96,0.00,114.89,Active,iPhone SE (3rd gen),2025-01-31,2027-01-31,2026-08
L-00406,555-010-0181,Elliot Rossi,E-0041,Customer Support,CC-2500,Verizon,Pooled 15GB,48.00,15,0.00,0.00,0.00,0,2,11.86,0.00,0.00,59.86,Active,iPhone 14,2025-12-04,2026-02-20,2026-08
L-00407,555-010-0194,Chris Ibrahim,E-0351,Customer Support,CC-2500,Verizon,Business Unlimited Pro,85.00,999,14.36,13.70,19.45,240,319,14.33,0.00,0.00,99.33,Active,iPhone 14 Pro,2025-10-20,2027-10-20,2026-08
L-00408,555-010-0196,Drew Moreau,E-0471,Customer Support,CC-2500,Verizon,Pooled 5GB,32.00,5,13.95,12.71,9.01,412,93,2.48,130.36,0.00,164.84,Active,iPhone 13,2025-08-18,2027-08-18,2026-08
L-00409,555-010-0227,Pat Olsen,E-0277,Customer Support,CC-2500,Verizon,Pooled 5GB,32.00,5,4.12,4.65,4.47,203,192,8.06,0.00,0.00,40.06,Active,Google Pixel 8,2025-01-13,2027-01-13,2026-08
L-00410,555-010-0229,Kenji Brennan,E-0205,Customer Support,CC-2500,AT&T,IoT / Telematics 500MB,9.50,0.5,0.24,0.07,0.14,0,0,19.81,0.00,0.00,29.31,Active,Verizon IOT Tracker,2023-02-02,2025-02-01,2026-08
L-00411,555-010-0239,Shiloh Bergstrom,E-0107,Customer Support,CC-2500,Verizon,Business Unlimited Plus,65.00,999,20.44,13.81,11.43,568,96,15.97,0.00,0.00,80.97,Active,Samsung Galaxy S23,2024-08-05,2026-08-05,2026-08
L-00412,555-010-0242,Pat Andersen,E-0465,Customer Support,CC-2500,AT&T,Pooled 5GB,32.00,5,12.62,7.86,7.82,309,140,7.94,108.70,0.00,148.64,Active,iPhone 15,2024-12-06,2026-12-06,2026-08
L-00413,555-010-0257,Parker Carmichael,E-0072,Customer Support,CC-2500,T-Mobile,Business Unlimited Plus,65.00,999,0.34,0.98,1.62,8,9,1.39,0.00,0.00,66.39,Active,iPhone 15,2024-04-05,2026-04-05,2026-08
L-00414,555-010-0264,Elena Gupta,E-0174,Customer Support,CC-2500,Verizon,Pooled 5GB,32.00,5,4.62,3.82,2.27,140,80,9.67,0.00,0.00,41.67,Active,Google Pixel 7,2023-12-26,2025-12-25,2026-08
L-00415,555-010-0278,Drew Gupta,E-0160,Customer Support,CC-2500,AT&T,Business Unlimited Plus,65.00,999,7.74,14.26,19.26,165,189,17.26,0.00,0.00,82.26,Active,Google Pixel 8,2026-01-10,2028-01-10,2026-08
L-00416,555-010-0285,Andre Novak,E-0438,Customer Support,CC-2500,Verizon,Pooled 2GB,24.00,2,1.20,1.38,0.77,63,140,21.49,0.00,0.00,45.49,Active,Samsung Galaxy S23,2025-07-01,2027-07-01,2026-08
L-00417,555-010-0293,Skyler Dubois,E-0027,Customer Support,CC-2500,AT&T,Business Unlimited Pro,85.00,999,0.00,0.00,0.00,0,2,11.31,0.00,0.00,96.31,Active,Google Pixel 7,2023-03-03,2027-05-02,2026-08
L-00418,555-010-0314,Sofia Patel,E-0028,Customer Support,CC-2500,AT&T,Business Unlimited Plus,65.00,999,0.00,0.00,0.00,0,0,11.45,0.00,0.00,76.45,Active,iPhone 14 Pro,2025-08-20,2027-01-05,2026-08
L-00419,555-010-0318,Hassan Reyes,E-0211,Customer Support,CC-2500,AT&T,Business Unlimited Pro,85.00,999,14.77,22.29,7.75,283,41,19.80,0.00,0.00,104.80,Active,Samsung Galaxy S24,2025-10-11,2027-10-11,2026-08
L-00420,555-010-0352,Avery Silva,E-0057,Customer Support,CC-2500,Verizon,Voice + Text Only,18.00,0,0.00,0.00,0.00,0,2,5.68,0.00,0.00,23.68,Active,iPhone 15 Pro,2025-07-27,2026-07-26,2026-08
L-00421,555-010-0357,Ibrahim Khan,E-0275,Customer Support,CC-2500,Verizon,Pooled 5GB,32.00,5,3.40,3.61,3.93,315,93,12.94,0.00,0.00,44.94,Active,Samsung Galaxy S23,2025-12-11,2027-12-11,2026-08
L-00422,555-010-0359,Clara Brooks,E-0436,Customer Support,CC-2500,Verizon,Pooled 15GB,48.00,15,24.84,11.60,21.46,200,110,15.14,0.00,0.00,63.14,Active,iPhone 14,2025-02-24,2027-02-24,2026-08
L-00423,555-010-0367,Greta Gupta,E-0403,Customer Support,CC-2500,AT&T,Business Unlimited Pro,85.00,999,6.19,10.87,25.90,867,151,19.43,0.00,0.00,104.43,Active,iPhone 15,2026-02-16,2028-02-16,2026-08
L-00424,555-010-0372,Marta Johansson,E-0376,Customer Support,CC-2500,Verizon,Pooled 15GB,48.00,15,27.42,16.14,20.20,297,397,11.53,0.00,0.00,59.53,Active,iPhone 13,2025-10-28,2027-10-28,2026-08
L-00425,555-010-0380,Shiloh Murray,E-0273,Customer Support,CC-2500,Verizon,Pooled 5GB,32.00,5,4.29,4.31,2.35,45,125,6.66,0.00,0.00,38.66,Active,Google Pixel 8,2023-06-13,2025-06-12,2026-08
L-00426,555-010-0383,Amari Berg,E-0029,Customer Support,CC-2500,T-Mobile,Business Unlimited Plus,65.00,999,0.00,0.00,0.00,0,2,12.64,0.00,0.00,77.64,Active,iPhone SE (3rd gen),2023-10-19,2027-07-30,2026-08
L-00427,555-010-0390,Greta Fernandez,E-0426,Customer Support,CC-2500,Verizon,Pooled 15GB,48.00,15,19.68,11.22,22.95,478,193,11.81,0.00,0.00,59.81,Active,Google Pixel 7,2024-08-04,2026-08-04,2026-08
L-00428,555-010-0394,Devon Fernandez,E-0453,Customer Support,CC-2500,AT&T,Pooled 5GB,32.00,5,9.15,7.91,11.94,490,51,10.36,82.34,0.00,124.70,Active,Samsung Galaxy S23,2024-03-12,2026-03-12,2026-08
L-00429,555-010-0395,Riley Singh,E-0198,Customer Support,CC-2500,AT&T,Pooled 15GB,48.00,15,19.31,24.11,20.99,340,171,12.08,0.00,0.00,60.08,Active,iPhone 15,2023-06-07,2025-06-06,2026-08
L-00430,555-010-0398,Sam Dubois,E-0047,Customer Support,CC-2500,AT&T,Pooled 5GB,32.00,5,0.00,0.00,0.00,0,1,8.16,0.00,0.00,40.16,Active,iPhone 15,2025-07-21,2025-12-16,2026-08
L-00431,555-010-0404,River Lindqvist,E-0077,Customer Support,CC-2500,AT&T,Pooled 15GB,48.00,15,11.18,25.13,28.20,89,231,3.82,0.00,0.00,51.82,Active,iPhone 14 Pro,2025-12-24,2027-12-24,2026-08
L-00432,555-010-0421,Hassan Whitaker,E-0063,Customer Support,CC-2500,Verizon,Pooled 5GB,32.00,5,4.68,2.43,4.09,354,127,12.65,0.00,0.00,44.65,Active,iPhone SE (3rd gen),2023-08-05,2025-08-04,2026-08
L-00433,555-010-0424,Sasha Hoffman,E-0469,Customer Support,CC-2500,Verizon,Pooled 5GB,32.00,5,10.80,11.79,6.73,420,91,8.67,95.19,0.00,135.86,Active,iPhone 14 Pro,2024-04-13,2026-04-13,2026-08
L-00434,555-010-0428,Leila Castillo,E-0383,Customer Support,CC-2500,AT&T,Voice + Text Only,18.00,0,0.00,0.00,0.00,688,244,8.32,0.00,0.00,26.32,Active,iPhone 15 Pro,2025-08-27,2027-08-27,2026-08
L-00435,555-010-0436,Fatima Ibrahim,E-0328,Customer Support,CC-2500,Verizon,Business Unlimited Plus,65.00,999,27.75,6.87,14.29,276,199,16.26,0.00,0.00,81.26,Active,Samsung Galaxy S24,2023-01-21,2025-01-20,2026-08
L-00436,555-010-0437,Jamie Reyes,E-0045,Customer Support,CC-2500,AT&T,Pooled 15GB,48.00,15,0.00,0.00,0.00,0,1,9.05,0.00,0.00,57.05,Active,Samsung Galaxy S23,2023-04-10,2026-06-23,2026-08
L-00437,555-010-0445,Drew Bergstrom,E-0452,Customer Support,CC-2500,T-Mobile,Pooled 5GB,32.00,5,9.95,11.36,11.97,307,38,5.85,125.99,0.00,163.84,Active,iPhone 13,2023-11-27,2025-11-26,2026-08
L-00438,555-010-0446,Remy Gupta,E-0141,Customer Support,CC-2500,Verizon,Business Unlimited Pro,85.00,999,12.63,20.13,19.22,774,30,10.25,0.00,0.00,95.25,Active,iPhone 15 Pro,2024-05-09,2026-05-09,2026-08
L-00439,555-010-0469,Skyler Sato,E-0083,Customer Support,CC-2500,Verizon,Pooled 15GB,48.00,15,0.69,1.20,0.29,11,7,3.52,0.00,0.00,51.52,Active,Samsung Galaxy S24,2023-06-15,2025-06-14,2026-08
L-00440,555-010-0470,Greta Cho,E-0048,Customer Support,CC-2500,AT&T,Pooled 5GB,32.00,5,0.00,0.00,0.00,0,1,7.58,0.00,0.00,39.58,Active,iPhone 15,2024-01-28,2026-03-07,2026-08
L-00441,555-010-0476,Luis Singh,E-0148,Customer Support,CC-2500,AT&T,Pooled 15GB,48.00,15,14.18,8.25,11.93,545,353,10.19,0.00,0.00,58.19,Active,iPhone 13,2023-03-27,2025-03-26,2026-08
L-00442,555-010-0480,Casey Fernandez,E-0474,Customer Support,CC-2500,AT&T,Pooled 5GB,32.00,5,9.08,8.48,12.10,308,107,11.82,74.98,0.00,118.80,Active,Samsung Galaxy S24,2023-02-09,2025-02-08,2026-08
L-00443,555-010-0481,Skyler Sato,E-0083,Customer Support,CC-2500,Verizon,Business Unlimited Pro,85.00,999,16.59,15.38,21.90,293,134,19.49,0.00,0.00,104.49,Active,Google Pixel 8,2023-06-24,2025-06-23,2026-08
L-00444,555-010-0488,Marta Johansson,E-0376,Customer Support,CC-2500,T-Mobile,Pooled 15GB,48.00,15,0.99,1.57,1.51,5,2,1.32,0.00,0.00,49.32,Active,iPhone 14,2023-11-02,2025-11-01,2026-08
L-00445,555-010-0512,Charlie Khan,E-0460,Customer Support,CC-2500,AT&T,Pooled 5GB,32.00,5,10.34,12.22,6.06,284,96,9.23,109.22,0.00,150.45,Active,Samsung Galaxy S23,2023-10-03,2025-10-02,2026-08
L-00446,555-010-0514,Elena Rahman,E-0461,Customer Support,CC-2500,Verizon,Pooled 5GB,32.00,5,11.43,9.41,12.14,227,104,2.15,86.21,0.00,120.36,Active,iPhone 14 Pro,2025-04-21,2027-04-21,2026-08
L-00447,555-010-0528,Priya Andersen,E-0464,Customer Support,CC-2500,Verizon,Pooled 5GB,32.00,5,9.16,8.44,10.98,152,135,10.64,94.39,0.00,137.03,Active,iPhone SE (3rd gen),2024-01-20,2026-01-19,2026-08
L-00448,555-010-0529,Mei Reyes,E-0247,Customer Support,CC-2500,AT&T,Pooled 2GB,24.00,2,1.72,0.75,0.57,338,46,4.09,0.00,0.00,28.09,Active,iPhone 15,2023-06-27,2025-06-26,2026-08
L-00449,555-010-0531,Leila Kowalski,E-0421,Customer Support,CC-2500,T-Mobile,IoT / Telematics 500MB,9.50,0.5,0.14,0.06,0.31,0,0,15.61,0.00,0.00,25.11,Active,Geotab GO9,2024-01-15,2026-01-14,2026-08
L-00450,555-010-0541,Hayden Diaz,E-0023,Customer Support,CC-2500,T-Mobile,Business Unlimited Pro,85.00,999,0.00,0.00,0.00,0,1,10.81,0.00,0.00,95.81,Active,iPhone 15,2024-04-02,2027-07-24,2026-08
L-00451,555-010-0542,Yara Diaz,E-0117,Customer Support,CC-2500,Verizon,Pooled 5GB,32.00,5,3.88,3.38,1.84,461,131,11.81,0.00,0.00,43.81,Active,Samsung Galaxy S23,2024-06-18,2026-06-18,2026-08
L-00452,555-010-0564,Quinn Iversen,E-0458,Customer Support,CC-2500,Verizon,Pooled 5GB,32.00,5,8.95,9.55,11.97,254,105,8.60,62.26,0.00,102.86,Active,Samsung Galaxy S23,2023-08-29,2025-08-28,2026-08
L-00453,555-010-0580,Kenji Reyes,E-0114,Customer Support,CC-2500,Verizon,Business Unlimited Pro,85.00,999,16.81,15.80,13.15,188,382,12.47,0.00,0.00,97.47,Active,Google Pixel 8,2026-04-25,2028-04-24,2026-08
L-00454,555-010-0011,Hassan Sato,E-0486,Engineering,CC-3100,AT&T,Business Unlimited Pro,85.00,999,0.61,2.60,3.32,47,61,12.28,0.00,0.00,97.28,Active,iPhone 14 Pro,2024-12-13,2026-12-13,2026-08
L-00455,555-010-0022,Omar Ibrahim,E-0494,Engineering,CC-3100,AT&T,Business Unlimited Pro,85.00,999,0.85,0.36,1.01,19,73,8.73,0.00,0.00,93.73,Active,iPhone 15,2023-10-05,2025-10-04,2026-08
L-00456,555-010-0025,Eden Whitaker,E-0199,Engineering,CC-3100,Verizon,Business Unlimited Plus,65.00,999,24.16,7.70,10.74,899,205,4.57,0.00,0.00,69.57,Active,iPhone 15,2024-08-28,2026-08-28,2026-08
L-00457,555-010-0036,Jordan Sato,E-0347,Engineering,CC-3100,Verizon,Business Unlimited Plus,65.00,999,5.50,23.92,6.00,782,299,18.36,0.00,0.00,83.36,Active,Samsung Galaxy S24,2026-01-21,2028-01-21,2026-08
L-00458,555-010-0037,Harper Yamamoto,E-0515,Engineering,CC-3100,Verizon,Business Unlimited Plus,65.00,999,3.63,1.07,4.32,60,10,9.74,0.00,0.00,74.74,Active,iPhone 15 Pro,2025-07-10,2027-07-10,2026-08
L-00459,555-010-0040,Cameron Sato,E-0485,Engineering,CC-3100,Verizon,Business Unlimited Pro,85.00,999,2.05,2.51,3.81,22,40,2.21,0.00,0.00,87.21,Active,iPhone 15,2025-10-07,2027-10-07,2026-08
L-00460,555-010-0043,Pat Almeida,E-0308,Engineering,CC-3100,Verizon,Pooled 5GB,32.00,5,3.91,4.53,3.32,94,91,4.84,0.00,0.00,36.84,Active,iPhone SE (3rd gen),2024-06-22,2026-06-22,2026-08
L-00461,555-010-0052,Blake Brooks,E-0229,Engineering,CC-3100,Verizon,Pooled 5GB,32.00,5,3.87,3.80,4.54,273,35,6.64,0.00,0.00,38.64,Active,iPhone 14,2023-07-30,2025-07-29,2026-08
L-00462,555-010-0059,Andre Nguyen,E-0506,Engineering,CC-3100,T-Mobile,Business Unlimited Plus,65.00,999,4.02,3.88,1.83,39,78,7.24,0.00,0.00,72.24,Active,iPhone 15 Pro,2023-02-06,2025-02-05,2026-08
L-00463,555-010-0077,Omar Larsen,E-0505,Engineering,CC-3100,AT&T,Business Unlimited Plus,65.00,999,4.04,4.47,3.54,159,74,8.26,0.00,0.00,73.26,Active,iPhone 14 Pro,2025-05-23,2027-05-23,2026-08
L-00464,555-010-0080,Victor Olsen,E-0251,Engineering,CC-3100,Verizon,Pooled 15GB,48.00,15,21.41,15.53,16.18,507,68,4.00,0.00,0.00,52.00,Active,iPhone SE (3rd gen),2025-01-01,2027-01-01,2026-08
L-00465,555-010-0081,Greta Carmichael,E-0340,Engineering,CC-3100,AT&T,Pooled 5GB,32.00,5,4.56,2.37,1.97,301,191,18.39,0.00,0.00,50.39,Active,iPhone 15,2024-09-21,2026-09-21,2026-08
L-00466,555-010-0086,Ibrahim MacLeod,E-0373,Engineering,CC-3100,AT&T,Business Unlimited Plus,65.00,999,26.32,16.24,8.10,138,48,11.96,0.00,0.00,76.96,Active,iPhone 14 Pro,2023-08-05,2025-08-04,2026-08
L-00467,555-010-0102,Remy Andersen,E-0480,Engineering,CC-3100,Verizon,Business Unlimited Pro,85.00,999,3.26,1.65,4.08,158,70,0.39,0.00,0.00,85.39,Active,Samsung Galaxy S23,2023-02-08,2025-02-07,2026-08
L-00468,555-010-0115,Mateo Gupta,E-0285,Engineering,CC-3100,T-Mobile,Pooled 5GB,32.00,5,1.96,4.12,1.77,59,24,11.76,0.00,0.00,43.76,Active,iPhone 15,2023-08-01,2025-07-31,2026-08
L-00469,555-010-0116,Cameron Reyes,E-0322,Engineering,CC-3100,Verizon,Pooled 2GB,24.00,2,1.00,1.89,0.55,348,30,12.45,0.00,0.00,36.45,Active,iPhone SE (3rd gen),2024-09-04,2026-09-04,2026-08
L-00470,555-010-0130,Jamie Brennan,E-0492,Engineering,CC-3100,AT&T,Business Unlimited Pro,85.00,999,4.50,0.44,3.74,43,46,7.01,0.00,0.00,92.01,Active,iPhone 15 Pro,2024-02-25,2026-02-24,2026-08
L-00471,555-010-0131,Marley Larsen,E-0513,Engineering,CC-3100,Verizon,Business Unlimited Plus,65.00,999,0.64,2.33,4.40,54,40,7.27,0.00,0.00,72.27,Active,iPhone 13,2024-01-29,2026-01-28,2026-08
L-00472,555-010-0135,Lila Hughes,E-0496,Engineering,CC-3100,Verizon,Business Unlimited Pro,85.00,999,2.76,1.99,4.02,179,38,12.28,0.00,0.00,97.28,Active,iPhone SE (3rd gen),2025-12-23,2027-12-23,2026-08
L-00473,555-010-0136,Casey Hoffman,E-0280,Engineering,CC-3100,Verizon,Pooled 5GB,32.00,5,1.41,0.49,1.57,23,2,2.57,0.00,0.00,34.57,Active,Google Pixel 7,2023-07-30,2025-07-29,2026-08
L-00474,555-010-0193,Yara Rahman,E-0271,Engineering,CC-3100,AT&T,Pooled 2GB,24.00,2,0.36,1.84,1.29,84,19,18.32,0.00,0.00,42.32,Active,Samsung Galaxy S24,2023-08-23,2025-08-22,2026-08
L-00475,555-010-0195,Blake Nasser,E-0290,Engineering,CC-3100,AT&T,Pooled 5GB,32.00,5,1.92,2.92,4.32,483,22,7.31,0.00,0.00,39.31,Active,Google Pixel 7,2024-02-02,2026-02-01,2026-08
L-00476,555-010-0198,Emerson Cho,E-0098,Engineering,CC-3100,T-Mobile,Pooled 5GB,32.00,5,1.63,3.61,1.53,377,96,17.72,0.00,0.00,49.72,Active,Google Pixel 7,2026-04-30,2028-04-29,2026-08
L-00477,555-010-0210,Harper MacLeod,E-0193,Engineering,CC-3100,Verizon,Business Unlimited Pro,85.00,999,11.06,17.70,23.59,680,158,11.65,0.00,0.00,96.65,Active,Google Pixel 7,2025-12-22,2027-12-22,2026-08
L-00478,555-010-0235,Kai Lindqvist,E-0274,Engineering,CC-3100,Verizon,Pooled 15GB,48.00,15,14.49,15.94,14.25,658,102,19.72,0.00,0.00,67.72,Active,iPhone 13,2025-10-18,2027-10-18,2026-08
L-00479,555-010-0236,Sam Berg,E-0483,Engineering,CC-3100,AT&T,Business Unlimited Pro,85.00,999,2.85,0.93,1.22,107,55,7.06,0.00,0.00,92.06,Active,iPhone 14,2025-09-26,2027-09-26,2026-08
L-00480,555-010-0261,Avery Hale,E-0136,Engineering,CC-3100,Verizon,Pooled 5GB,32.00,5,4.02,2.87,3.13,52,137,15.01,0.00,0.00,47.01,Active,iPhone 14 Pro,2024-11-28,2026-11-28,2026-08
L-00481,555-010-0266,Cameron Nakamura,E-0070,Engineering,CC-3100,T-Mobile,Pooled 5GB,32.00,5,2.18,4.45,2.54,95,158,7.69,0.00,0.00,39.69,Active,iPhone 13,2024-09-19,2026-09-19,2026-08
L-00482,555-010-0294,Theo Nakamura,E-0187,Engineering,CC-3100,AT&T,Pooled 5GB,32.00,5,2.94,2.50,2.09,439,198,17.55,0.00,0.00,49.55,Active,iPhone 15 Pro,2024-02-10,2026-02-09,2026-08
L-00483,555-010-0297,Mateo Lambert,E-0508,Engineering,CC-3100,T-Mobile,Business Unlimited Plus,65.00,999,3.20,3.88,3.07,80,19,3.80,0.00,0.00,68.80,Active,Samsung Galaxy S24,2025-04-11,2027-04-11,2026-08
L-00484,555-010-0308,Ines Singh,E-0429,Engineering,CC-3100,Verizon,Pooled 15GB,48.00,15,7.46,15.54,12.81,179,364,16.21,0.00,0.00,64.21,Active,iPhone 13,2024-11-12,2026-11-12,2026-08
L-00485,555-010-0313,Skyler Okonkwo,E-0499,Engineering,CC-3100,Verizon,Business Unlimited Plus,65.00,999,2.77,1.13,0.74,99,10,4.93,0.00,0.00,69.93,Active,Google Pixel 7,2025-07-18,2027-07-18,2026-08
L-00486,555-010-0317,Mei Olsen,E-0502,Engineering,CC-3100,T-Mobile,Business Unlimited Plus,65.00,999,4.59,1.68,2.93,111,10,2.77,0.00,0.00,67.77,Active,iPhone 14,2025-11-29,2027-11-29,2026-08
L-00487,555-010-0329,Marta Larsen,E-0519,Engineering,CC-3100,Verizon,Business Unlimited Plus,65.00,999,3.05,1.94,2.14,97,78,11.75,0.00,0.00,76.75,Active,iPhone SE (3rd gen),2024-12-21,2026-12-21,2026-08
L-00488,555-010-0333,Harper Lambert,E-0384,Engineering,CC-3100,Verizon,Pooled 2GB,24.00,2,1.19,0.60,1.43,173,115,20.95,0.00,0.00,44.95,Active,Google Pixel 7,2023-03-19,2025-03-18,2026-08
L-00489,555-010-0364,Emerson Khan,E-0369,Engineering,CC-3100,AT&T,Business Unlimited Plus,65.00,999,22.15,7.36,25.40,124,102,8.55,0.00,0.00,73.55,Active,iPhone 15,2024-12-15,2026-12-15,2026-08
L-00490,555-010-0378,Nico Vargas,E-0109,Engineering,CC-3100,T-Mobile,Pooled 15GB,48.00,15,0.17,0.06,0.05,6,2,1.39,0.00,0.00,49.39,Active,Google Pixel 8,2024-08-30,2026-08-30,2026-08
L-00491,555-010-0381,Rowan Silva,E-0512,Engineering,CC-3100,Verizon,Business Unlimited Plus,65.00,999,1.36,2.88,3.59,48,40,6.64,0.00,0.00,71.64,Active,iPhone 15,2024-03-10,2026-03-10,2026-08
L-00492,555-010-0384,Mateo Hale,E-0523,Engineering,CC-3100,Verizon,Pooled 15GB,48.00,15,4.06,3.18,1.26,115,13,0.13,0.00,0.00,48.13,Active,iPhone SE (3rd gen),2023-09-27,2025-09-26,2026-08
L-00493,555-010-0387,Logan Petrov,E-0527,Engineering,CC-3100,AT&T,Pooled 15GB,48.00,15,2.07,1.71,2.05,63,17,3.31,0.00,0.00,51.31,Active,Samsung Galaxy S24,2023-10-01,2025-09-30,2026-08
L-00494,555-010-0397,Remy Vargas,E-0217,Engineering,CC-3100,Verizon,Pooled 2GB,24.00,2,0.53,1.11,1.62,40,80,13.03,0.00,0.00,37.03,Active,iPhone 14,2024-06-12,2026-06-12,2026-08
L-00495,555-010-0412,Eden Lambert,E-0286,Engineering,CC-3100,Verizon,Pooled 2GB,24.00,2,0.72,0.30,1.55,277,19,21.17,0.00,0.00,45.17,Active,iPhone 13,2025-02-10,2027-02-10,2026-08
L-00496,555-010-0426,Emerson Olsen,E-0190,Engineering,CC-3100,AT&T,Pooled 2GB,24.00,2,1.24,0.30,1.57,117,50,12.64,0.00,0.00,36.64,Active,iPhone 14 Pro,2025-12-21,2027-12-21,2026-08
L-00497,555-010-0438,Morgan Khan,E-0157,Engineering,CC-3100,AT&T,Voice + Text Only,18.00,0,0.00,0.00,0.00,250,112,10.16,0.00,0.00,28.16,Active,Samsung Galaxy S23,2023-07-17,2025-07-16,2026-08
L-00498,555-010-0441,Hayden Patel,E-0255,Engineering,CC-3100,AT&T,Pooled 5GB,32.00,5,4.02,3.99,4.14,111,147,5.35,0.00,0.00,37.35,Active,iPhone 13,2024-01-21,2026-01-20,2026-08
L-00499,555-010-0447,Rowan Kowalski,E-0090,Engineering,CC-3100,AT&T,Pooled 2GB,24.00,2,0.30,1.88,1.43,151,77,18.88,0.00,0.00,42.88,Active,iPhone 15 Pro,2024-04-06,2026-04-06,2026-08
L-00500,555-010-0450,Alex Sanders,E-0368,Engineering,CC-3100,Verizon,Business Unlimited Plus,65.00,999,9.16,23.47,9.84,613,188,4.30,0.00,0.00,69.30,Active,iPhone 14 Pro,2024-01-22,2026-01-21,2026-08
L-00501,555-010-0455,Yara Walsh,E-0526,Engineering,CC-3100,Verizon,Pooled 15GB,48.00,15,2.04,4.29,2.62,134,27,4.41,0.00,0.00,52.41,Active,Samsung Galaxy S24,2025-03-12,2027-03-12,2026-08
L-00502,555-010-0509,Elena Brooks,E-0360,Engineering,CC-3100,Verizon,Voice + Text Only,18.00,0,0.00,0.00,0.00,167,58,19.87,0.00,0.00,37.87,Active,iPhone 15 Pro,2025-07-17,2027-07-17,2026-08
L-00503,555-010-0516,Casey Hoffman,E-0280,Engineering,CC-3100,Verizon,Business Unlimited Plus,65.00,999,19.81,10.94,23.45,117,235,4.57,0.00,0.00,69.57,Active,Google Pixel 7,2025-08-15,2027-08-15,2026-08
L-00504,555-010-0520,Theo Rahman,E-0500,Engineering,CC-3100,AT&T,Business Unlimited Plus,65.00,999,4.34,2.11,2.74,159,36,9.81,0.00,0.00,74.81,Active,iPhone 14,2025-10-28,2027-10-28,2026-08
L-00505,555-010-0536,Devon Ortiz,E-0520,Engineering,CC-3100,T-Mobile,Business Unlimited Plus,65.00,999,1.15,2.48,1.02,79,63,9.43,0.00,0.00,74.43,Active,iPhone 14,2023-03-15,2025-03-14,2026-08
L-00506,555-010-0547,Chris Reyes,E-0484,Engineering,CC-3100,Verizon,Business Unlimited Pro,85.00,999,3.95,3.31,2.37,38,61,0.45,0.00,0.00,85.45,Active,Google Pixel 8,2024-11-07,2026-11-07,2026-08
L-00507,555-010-0551,Remy Hughes,E-0325,Engineering,CC-3100,Verizon,Pooled 5GB,32.00,5,2.59,4.21,3.35,419,162,18.37,0.00,0.00,50.37,Active,Samsung Galaxy S24,2024-01-20,2026-01-19,2026-08
L-00508,555-010-0552,Nico Vargas,E-0109,Engineering,CC-3100,Verizon,Business Unlimited Plus,65.00,999,25.77,21.45,11.71,898,76,6.47,0.00,0.00,71.47,Active,iPhone 15 Pro,2024-07-02,2026-07-02,2026-08
L-00509,555-010-0563,Chris Rahman,E-0238,Engineering,CC-3100,T-Mobile,Pooled 5GB,32.00,5,2.26,4.14,1.61,482,85,5.55,0.00,0.00,37.55,Active,iPhone SE (3rd gen),2023-07-12,2025-07-11,2026-08
L-00510,555-010-0002,,,Field Operations,CC-4100,Verizon,Pooled 2GB,24.00,2,1.63,4.32,5.15,119,13,10.14,0.00,0.00,34.14,Active,iPhone 15 Pro,2025-08-23,2027-08-23,2026-08
L-00511,555-010-0008,Charlie Whitaker,E-0314,Field Operations,CC-4100,AT&T,Pooled 5GB,32.00,5,4.13,4.61,2.58,396,171,16.68,0.00,0.00,48.68,Active,iPhone 14,2023-09-02,2025-09-01,2026-08
L-00512,555-010-0014,Harper Hale,E-0014,Field Operations,CC-4100,T-Mobile,Pooled 5GB,32.00,5,1.22,1.21,4.21,32,2,4.67,0.00,0.00,36.67,Suspended,Samsung Galaxy S23,2026-02-20,2028-02-20,2026-08
L-00513,555-010-0026,Skyler Lambert,E-0249,Field Operations,CC-4100,AT&T,Voice + Text Only,18.00,0,0.00,0.00,0.00,120,202,20.22,0.00,0.00,38.22,Active,iPhone 15 Pro,2024-01-01,2025-12-31,2026-08
L-00514,555-010-0029,,,Field Operations,CC-4100,Verizon,Business Unlimited Plus,65.00,999,7.07,3.98,9.51,291,13,12.22,0.00,0.00,77.22,Active,iPhone 15 Pro,2025-03-14,2027-03-14,2026-08
L-00515,555-010-0031,Andre Bennett,E-0022,Field Operations,CC-4100,T-Mobile,Business Unlimited Pro,85.00,999,0.00,0.00,0.00,0,0,9.99,0.00,0.00,94.99,Active,Samsung Galaxy S24,2025-09-05,2027-06-15,2026-08
L-00516,555-010-0032,Dakota Brooks,E-0386,Field Operations,CC-4100,AT&T,Business Unlimited Plus,65.00,999,6.34,7.91,23.97,549,72,7.31,0.00,0.00,72.31,Active,Samsung Galaxy S23,2023-12-10,2025-12-09,2026-08
L-00517,555-010-0045,Blake Cho,E-0012,Field Operations,CC-4100,AT&T,Pooled 5GB,32.00,5,3.06,3.58,0.54,27,9,6.94,0.00,0.00,38.94,Suspended,Google Pixel 8,2025-10-02,2027-10-02,2026-08
L-00518,555-010-0053,Elliot Okafor,E-0370,Field Operations,CC-4100,T-Mobile,Pooled 15GB,48.00,15,18.24,23.75,24.72,244,294,12.01,0.00,0.00,60.01,Active,iPhone 15,2024-08-30,2026-08-30,2026-08
L-00519,555-010-0061,Leila Fernandez,E-0003,Field Operations,CC-4100,Verizon,Business Unlimited Pro,85.00,999,1.77,1.75,4.89,37,3,16.59,0.00,0.00,101.59,Suspended,Google Pixel 8,2025-06-23,2027-06-23,2026-08
L-00520,555-010-0070,Eden Johansson,E-0059,Field Operations,CC-4100,T-Mobile,Voice + Text Only,18.00,0,0.00,0.00,0.00,0,2,4.59,0.00,0.00,22.59,Active,Samsung Galaxy S23,2025-08-26,2026-03-13,2026-08
L-00521,555-010-0097,Leila Dubois,E-0259,Field Operations,CC-4100,T-Mobile,Business Unlimited Plus,65.00,999,26.85,9.03,25.73,730,69,19.64,0.00,0.00,84.64,Active,iPhone 14 Pro,2024-01-28,2026-01-27,2026-08
L-00522,555-010-0100,Ines Ortiz,E-0007,Field Operations,CC-4100,AT&T,Business Unlimited Plus,65.00,999,3.01,3.27,3.88,33,4,7.03,0.00,0.00,72.03,Suspended,Google Pixel 7,2023-11-03,2025-11-02,2026-08
L-00523,555-010-0108,Ines Andersen,E-0006,Field Operations,CC-4100,Verizon,Business Unlimited Plus,65.00,999,2.17,2.15,2.64,23,1,16.61,0.00,0.00,81.61,Suspended,iPhone 15 Pro,2025-05-27,2027-05-27,2026-08
L-00524,555-010-0112,Fatima Okonkwo,E-0004,Field Operations,CC-4100,AT&T,Business Unlimited Pro,85.00,999,3.00,2.67,0.90,7,1,12.74,0.00,0.00,97.74,Suspended,iPhone SE (3rd gen),2023-10-10,2025-10-09,2026-08
L-00525,555-010-0113,Eden Yamamoto,E-0053,Field Operations,CC-4100,AT&T,Pooled 2GB,24.00,2,0.00,0.00,0.00,0,0,11.71,0.00,0.00,35.71,Active,iPhone 13,2025-02-09,2025-10-18,2026-08
L-00526,555-010-0121,Elena Iversen,E-0043,Field Operations,CC-4100,Verizon,Pooled 15GB,48.00,15,0.00,0.00,0.00,0,0,11.61,0.00,0.00,59.61,Active,iPhone 14,2025-06-18,2025-07-18,2026-08
L-00527,555-010-0141,Riley Schultz,E-0035,Field Operations,CC-4100,AT&T,Business Unlimited Plus,65.00,999,0.00,0.00,0.00,0,0,5.73,0.00,0.00,70.73,Active,Samsung Galaxy S24,2024-05-02,2027-08-19,2026-08
L-00528,555-010-0145,Elena Vargas,E-0008,Field Operations,CC-4100,Verizon,Business Unlimited Plus,65.00,999,0.95,0.16,4.36,34,3,14.79,0.00,0.00,79.79,Suspended,iPhone 13,2024-03-27,2026-03-27,2026-08
L-00529,555-010-0148,Finley Kowalski,E-0377,Field Operations,CC-4100,AT&T,Business Unlimited Plus,65.00,999,22.29,19.38,8.17,436,147,4.06,0.00,0.00,69.06,Active,iPhone 14 Pro,2025-10-02,2027-10-02,2026-08
L-00530,555-010-0155,,,Field Operations,CC-4100,T-Mobile,Voice + Text Only,18.00,0,0.00,0.00,0.00,112,48,4.88,0.00,0.00,22.88,Active,iPhone SE (3rd gen),2023-05-25,2025-05-24,2026-08
L-00531,555-010-0156,Diego Reyes,E-0375,Field Operations,CC-4100,Verizon,Pooled 15GB,48.00,15,23.36,17.11,29.59,536,380,21.13,0.00,0.00,69.13,Active,Google Pixel 8,2026-04-03,2028-04-02,2026-08
L-00532,555-010-0158,Quinn Lindqvist,E-0031,Field Operations,CC-4100,Verizon,Business Unlimited Plus,65.00,999,0.00,0.00,0.00,0,0,8.72,0.00,0.00,73.72,Active,Google Pixel 7,2024-08-07,2026-12-31,2026-08
L-00533,555-010-0164,Devon Iversen,E-0020,Field Operations,CC-4100,T-Mobile,Business Unlimited Pro,85.00,999,0.00,0.00,0.00,0,1,5.94,0.00,0.00,90.94,Active,Samsung Galaxy S23,2025-05-18,2027-07-10,2026-08
L-00534,555-010-0165,Drew Reyes,E-0216,Field Operations,CC-4100,AT&T,Business Unlimited Plus,65.00,999,12.45,19.75,29.05,306,197,12.63,0.00,0.00,77.63,Active,Google Pixel 8,2025-12-27,2027-12-27,2026-08
L-00535,555-010-0170,Blake Costa,E-0013,Field Operations,CC-4100,T-Mobile,Pooled 5GB,32.00,5,0.74,1.84,4.28,33,4,7.73,0.00,0.00,39.73,Suspended,iPhone 15,2024-02-23,2026-02-22,2026-08
L-00536,555-010-0171,Jamie Johansson,E-0011,Field Operations,CC-4100,AT&T,Pooled 15GB,48.00,15,1.84,2.19,3.89,14,9,16.22,0.00,0.00,64.22,Suspended,iPhone 13,2025-07-14,2027-07-14,2026-08
L-00537,555-010-0182,Andre Hale,E-0024,Field Operations,CC-4100,Verizon,Business Unlimited Pro,85.00,999,0.00,0.00,0.00,0,2,8.51,0.00,0.00,93.51,Active,Samsung Galaxy S24,2025-02-26,2026-10-21,2026-08
L-00538,555-010-0192,Harper Sanders,E-0036,Field Operations,CC-4100,T-Mobile,Business Unlimited Plus,65.00,999,0.00,0.00,0.00,0,0,4.18,0.00,0.00,69.18,Active,Google Pixel 8,2025-06-18,2026-12-16,2026-08
L-00539,555-010-0200,Remy Hoffman,E-0016,Field Operations,CC-4100,T-Mobile,Pooled 2GB,24.00,2,0.10,0.03,2.95,38,7,16.22,0.00,0.00,40.22,Suspended,Google Pixel 8,2025-10-28,2027-10-28,2026-08
L-00540,555-010-0225,Omar Fernandez,E-0268,Field Operations,CC-4100,Verizon,Pooled 15GB,48.00,15,7.89,21.23,13.08,172,157,10.90,0.00,0.00,58.90,Active,Samsung Galaxy S23,2024-05-12,2026-05-12,2026-08
L-00541,555-010-0234,Nico Singh,E-0001,Field Operations,CC-4100,Verizon,Business Unlimited Pro,85.00,999,2.50,2.80,4.23,0,9,16.91,0.00,0.00,101.91,Suspended,Google Pixel 7,2023-08-30,2025-08-29,2026-08
L-00542,555-010-0244,Reese Silva,E-0349,Field Operations,CC-4100,T-Mobile,Pooled 15GB,48.00,15,5.21,9.44,9.07,170,243,15.91,0.00,0.00,63.91,Active,Samsung Galaxy S23,2025-09-02,2027-09-02,2026-08
L-00543,555-010-0245,Luis Ibrahim,E-0294,Field Operations,CC-4100,Verizon,Business Unlimited Pro,85.00,999,19.60,18.79,19.21,692,367,16.91,0.00,0.00,101.91,Active,Samsung Galaxy S24,2023-04-04,2025-04-03,2026-08
L-00544,555-010-0247,Remy Berg,E-0061,Field Operations,CC-4100,Verizon,Business Unlimited Pro,85.00,999,24.73,19.28,12.26,728,319,10.98,0.00,0.00,95.98,Active,iPhone 14,2026-04-23,2028-04-22,2026-08
L-00545,555-010-0258,Omar Fernandez,E-0268,Field Operations,CC-4100,Verizon,Business Unlimited Plus,65.00,999,0.80,0.07,1.86,8,1,4.17,0.00,0.00,69.17,Active,iPhone 15 Pro,2025-03-11,2027-03-11,2026-08
L-00546,555-010-0269,Emerson Silva,E-0054,Field Operations,CC-4100,T-Mobile,Pooled 2GB,24.00,2,0.00,0.00,0.00,0,0,8.61,0.00,0.00,32.61,Active,Google Pixel 7,2024-08-25,2026-03-29,2026-08
L-00547,555-010-0270,Charlie Hughes,E-0017,Field Operations,CC-4100,AT&T,Pooled 2GB,24.00,2,1.15,0.55,4.22,7,14,13.81,0.00,0.00,37.81,Suspended,iPhone 14 Pro,2026-04-06,2028-04-05,2026-08
L-00548,555-010-0274,,,Field Operations,CC-4100,AT&T,Pooled 2GB,24.00,2,0.27,3.62,3.09,240,48,12.35,0.00,0.00,36.35,Active,Samsung Galaxy S23,2024-06-21,2026-06-21,2026-08
L-00549,555-010-0279,,,Field Operations,CC-4100,Verizon,Pooled 15GB,48.00,15,3.17,6.77,1.10,23,62,10.99,0.00,0.00,58.99,Active,Samsung Galaxy S24,2024-05-24,2026-05-24,2026-08
L-00550,555-010-0291,Logan Novak,E-0320,Field Operations,CC-4100,Verizon,Pooled 5GB,32.00,5,4.18,4.16,2.19,240,71,10.86,0.00,0.00,42.86,Active,iPhone 13,2026-02-21,2028-02-21,2026-08
L-00551,555-010-0295,Quinn Vargas,E-0010,Field Operations,CC-4100,Verizon,Pooled 15GB,48.00,15,0.42,0.30,1.25,36,6,7.17,0.00,0.00,55.17,Suspended,iPhone 14 Pro,2024-09-26,2026-09-26,2026-08
L-00552,555-010-0301,Luis Okonkwo,E-0055,Field Operations,CC-4100,AT&T,Pooled 2GB,24.00,2,0.00,0.00,0.00,0,1,6.85,0.00,0.00,30.85,Active,Google Pixel 7,2025-06-14,2025-06-30,2026-08
L-00553,555-010-0304,Logan Reyes,E-0058,Field Operations,CC-4100,Verizon,Voice + Text Only,18.00,0,0.00,0.00,0.00,0,2,3.28,0.00,0.00,21.28,Active,iPhone 14 Pro,2025-08-05,2025-11-02,2026-08
L-00554,555-010-0312,Omar Kowalski,E-0361,Field Operations,CC-4100,Verizon,Pooled 5GB,32.00,5,2.90,2.29,3.74,305,154,17.41,0.00,0.00,49.41,Active,iPhone 15 Pro,2025-08-09,2027-08-09,2026-08
L-00555,555-010-0339,,,Field Operations,CC-4100,T-Mobile,Pooled 5GB,32.00,5,10.33,7.20,7.20,60,18,6.24,0.00,0.00,38.24,Active,Samsung Galaxy S24,2024-03-17,2026-03-17,2026-08
L-00556,555-010-0347,Mei Singh,E-0207,Field Operations,CC-4100,Verizon,Pooled 15GB,48.00,15,0.42,1.43,1.70,11,4,1.18,0.00,0.00,49.18,Active,iPhone 15,2026-02-01,2028-02-01,2026-08
L-00557,555-010-0351,Marta Singh,E-0002,Field Operations,CC-4100,AT&T,Business Unlimited Pro,85.00,999,3.41,3.91,1.24,15,7,12.33,0.00,0.00,97.33,Suspended,iPhone 15,2023-08-03,2025-08-02,2026-08
L-00558,555-010-0362,Theo Fitzgerald,E-0263,Field Operations,CC-4100,AT&T,Pooled 15GB,48.00,15,20.95,7.79,26.66,708,52,6.78,0.00,0.00,54.78,Active,iPhone SE (3rd gen),2023-10-07,2025-10-06,2026-08
L-00559,555-010-0377,Sam Gupta,E-0244,Field Operations,CC-4100,T-Mobile,IoT / Telematics 500MB,9.50,0.5,0.21,0.32,0.16,0,0,15.45,0.00,0.00,24.95,Active,Samsara VG34,2025-05-12,2027-05-12,2026-08
L-00560,555-010-0379,,,Field Operations,CC-4100,AT&T,Pooled 15GB,48.00,15,3.30,1.23,6.43,74,37,4.42,0.00,0.00,52.42,Active,Google Pixel 7,2023-05-18,2025-05-17,2026-08
L-00561,555-010-0385,Sana Klein,E-0329,Field Operations,CC-4100,AT&T,Business Unlimited Plus,65.00,999,18.82,8.86,15.58,842,192,11.33,0.00,0.00,76.33,Active,iPhone 15,2024-02-23,2026-02-22,2026-08
L-00562,555-010-0388,Mei Singh,E-0207,Field Operations,CC-4100,Verizon,Business Unlimited Pro,85.00,999,10.75,16.50,7.93,766,281,17.96,0.00,0.00,102.96,Active,iPhone 14 Pro,2024-07-07,2026-07-07,2026-08
L-00563,555-010-0403,Amina Castillo,E-0005,Field Operations,CC-4100,AT&T,Business Unlimited Plus,65.00,999,1.42,1.93,3.25,28,6,14.87,0.00,0.00,79.87,Suspended,iPhone 14,2025-11-22,2027-11-22,2026-08
L-00564,555-010-0405,Phoenix Nielsen,E-0206,Field Operations,CC-4100,T-Mobile,Business Unlimited Plus,65.00,999,22.37,11.45,18.09,762,127,3.75,0.00,0.00,68.75,Active,iPhone 15,2023-03-24,2025-03-23,2026-08
L-00565,555-010-0443,Reese Patel,E-0103,Field Operations,CC-4100,T-Mobile,Business Unlimited Plus,65.00,999,25.46,18.56,10.54,268,229,4.20,0.00,0.00,69.20,Active,Google Pixel 8,2024-04-29,2026-04-29,2026-08
L-00566,555-010-0444,,,Field Operations,CC-4100,AT&T,Business Unlimited Plus,65.00,999,6.83,8.01,8.73,108,69,3.04,0.00,0.00,68.04,Active,iPhone 15,2024-06-06,2026-06-06,2026-08
L-00567,555-010-0451,Noah Diaz,E-0019,Field Operations,CC-4100,T-Mobile,IoT / Telematics 500MB,9.50,0.5,0.15,3.11,4.47,20,14,10.67,0.00,0.00,20.17,Suspended,Samsara VG34,2024-06-03,2026-06-03,2026-08
L-00568,555-010-0454,Quinn Hoffman,E-0341,Field Operations,CC-4100,Verizon,Pooled 15GB,48.00,15,25.64,14.30,26.91,342,343,4.67,0.00,0.00,52.67,Active,iPhone 14,2024-04-09,2026-04-09,2026-08
L-00569,555-010-0457,Marta Andersen,E-0025,Field Operations,CC-4100,Verizon,Business Unlimited Pro,85.00,999,0.00,0.00,0.00,0,1,6.07,0.00,0.00,91.07,Active,iPhone SE (3rd gen),2025-03-11,2027-08-07,2026-08
L-00570,555-010-0462,Sam Novak,E-0030,Field Operations,CC-4100,AT&T,Business Unlimited Plus,65.00,999,0.00,0.00,0.00,0,1,10.45,0.00,0.00,75.45,Active,iPhone SE (3rd gen),2023-07-23,2027-02-01,2026-08
L-00571,555-010-0463,Jonas Diaz,E-0221,Field Operations,CC-4100,AT&T,Business Unlimited Plus,65.00,999,26.05,24.62,19.52,457,271,20.77,0.00,0.00,85.77,Active,Google Pixel 8,2024-11-08,2026-11-08,2026-08
L-00572,555-010-0466,Hassan Nguyen,E-0042,Field Operations,CC-4100,AT&T,Pooled 15GB,48.00,15,0.00,0.00,0.00,0,1,7.17,0.00,0.00,55.17,Active,iPhone 14 Pro,2024-03-21,2026-03-05,2026-08
L-00573,555-010-0474,Priya Whitaker,E-0034,Field Operations,CC-4100,Verizon,Business Unlimited Plus,65.00,999,0.00,0.00,0.00,0,2,11.95,0.00,0.00,76.95,Active,iPhone 14,2026-04-13,2027-01-07,2026-08
L-00574,555-010-0484,Sage Schultz,E-0044,Field Operations,CC-4100,AT&T,Pooled 15GB,48.00,15,0.00,0.00,0.00,0,2,11.34,0.00,0.00,59.34,Active,iPhone SE (3rd gen),2025-07-26,2026-02-20,2026-08
L-00575,555-010-0485,Ravi Costa,E-0015,Field Operations,CC-4100,Verizon,Pooled 2GB,24.00,2,1.85,0.25,1.38,18,15,13.43,0.00,0.00,37.43,Suspended,iPhone 13,2023-07-10,2025-07-09,2026-08
L-00576,555-010-0487,Blake Whitaker,E-0052,Field Operations,CC-4100,Verizon,Pooled 2GB,24.00,2,0.00,0.00,0.00,0,1,11.25,0.00,0.00,35.25,Active,iPhone 15 Pro,2023-02-23,2025-09-19,2026-08
L-00577,555-010-0495,Sasha Rossi,E-0354,Field Operations,CC-4100,Verizon,Pooled 5GB,32.00,5,1.74,3.87,2.79,489,142,4.13,0.00,0.00,36.13,Active,Google Pixel 7,2023-09-29,2025-09-28,2026-08
L-00578,555-010-0501,Marta Nasser,E-0175,Field Operations,CC-4100,Verizon,Business Unlimited Pro,85.00,999,17.05,19.16,23.55,159,56,9.41,0.00,0.00,94.41,Active,iPhone 15,2026-01-10,2028-01-10,2026-08
L-00579,555-010-0523,Amina Nguyen,E-0046,Field Operations,CC-4100,Verizon,Pooled 5GB,32.00,5,0.00,0.00,0.00,0,2,12.00,0.00,0.00,44.00,Active,Samsung Galaxy S23,2025-07-25,2025-08-18,2026-08
L-00580,555-010-0524,Quinn Walsh,E-0413,Field Operations,CC-4100,Verizon,Business Unlimited Plus,65.00,999,26.71,25.66,26.68,239,363,15.92,0.00,0.00,80.92,Active,iPhone 15,2024-02-21,2026-02-20,2026-08
L-00581,555-010-0527,Logan Johansson,E-0050,Field Operations,CC-4100,Verizon,Pooled 5GB,32.00,5,0.00,0.00,0.00,0,2,5.69,0.00,0.00,37.69,Active,iPhone SE (3rd gen),2025-12-09,2025-12-21,2026-08
L-00582,555-010-0537,Finley Carmichael,E-0032,Field Operations,CC-4100,T-Mobile,Business Unlimited Plus,65.00,999,0.00,0.00,0.00,0,1,5.84,0.00,0.00,70.84,Active,iPhone 15 Pro,2024-03-19,2027-04-21,2026-08
L-00583,555-010-0553,Mei Okonkwo,E-0256,Field Operations,CC-4100,AT&T,Pooled 15GB,48.00,15,17.59,12.53,25.32,286,104,16.19,0.00,0.00,64.19,Active,iPhone 13,2023-05-24,2025-05-23,2026-08
L-00584,555-010-0559,Elliot Okafor,E-0370,Field Operations,CC-4100,Verizon,Pooled 5GB,32.00,5,1.85,1.14,1.04,22,1,0.87,0.00,0.00,32.87,Active,iPhone 13,2023-10-23,2025-10-22,2026-08
L-00585,555-010-0565,Dakota Brooks,E-0386,Field Operations,CC-4100,T-Mobile,Pooled 5GB,32.00,5,1.07,0.67,1.79,9,8,2.65,0.00,0.00,34.65,Active,iPhone 13,2026-01-08,2028-01-08,2026-08
L-00586,555-010-0566,Fatima Bennett,E-0262,Field Operations,CC-4100,Verizon,Business Unlimited Pro,85.00,999,14.61,24.84,18.89,790,146,9.70,0.00,0.00,94.70,Active,iPhone SE (3rd gen),2025-12-27,2027-12-27,2026-08
L-00587,555-010-0574,Yara Nielsen,E-0039,Field Operations,CC-4100,AT&T,Pooled 15GB,48.00,15,0.00,0.00,0.00,0,1,11.46,0.00,0.00,59.46,Active,iPhone 13,2023-08-05,2025-06-01,2026-08
L-00588,555-010-0576,,,Field Operations,CC-4100,AT&T,Pooled 15GB,48.00,15,8.04,7.60,5.31,106,39,3.71,0.00,0.00,51.71,Active,iPhone 13,2025-09-09,2027-09-09,2026-08
L-00589,555-010-0583,Dakota Sanders,E-0018,Field Operations,CC-4100,AT&T,Voice + Text Only,18.00,0,0.12,1.51,4.39,35,8,5.93,0.00,0.00,23.93,Suspended,Samsung Galaxy S23,2026-03-15,2028-03-14,2026-08
L-00590,555-010-0584,Kai Nguyen,E-0009,Field Operations,CC-4100,AT&T,Pooled 15GB,48.00,15,2.03,0.56,0.81,40,10,9.65,0.00,0.00,57.65,Suspended,Google Pixel 7,2025-05-04,2027-05-04,2026-08
